Date,ticker,indexed_value,sector
2025-10-02,XLB,100.0,Materials
2025-10-02,XLC,100.0,Communication Services
2025-10-02,XLE,100.0,Energy
2025-10-02,XLF,100.0,Financials
2025-10-02,XLI,100.0,Industrials
2025-10-02,XLK,100.0,Technology
2025-10-02,XLP,100.0,Consumer Staples
2025-10-02,XLRE,100.0,Real Estate
2025-10-02,XLU,100.0,Utilities
2025-10-02,XLV,100.0,Healthcare
2025-10-02,XLY,100.0,Consumer Discretionary
2025-10-03,XLB,100.16718969363419,Materials
2025-10-03,XLC,99.94847659731171,Communication Services
2025-10-03,XLE,100.5314329418153,Energy
2025-10-03,XLF,100.69353661037033,Financials
2025-10-03,XLI,100.13617660802944,Industrials
2025-10-03,XLK,99.49677565966059,Technology
2025-10-03,XLP,100.11545943501716,Consumer Staples
2025-10-03,XLRE,100.4056341362149,Real Estate
2025-10-03,XLU,101.16054099891916,Utilities
2025-10-03,XLV,101.13835901175152,Healthcare
2025-10-03,XLY,99.35672835548966,Consumer Discretionary
2025-10-06,XLB,100.07801897096518,Materials
2025-10-06,XLC,100.05153666823996,Communication Services
2025-10-06,XLE,101.02894595347567,Energy
2025-10-06,XLF,100.65604461155652,Financials
2025-10-06,XLI,100.60310644004463,Industrials
2025-10-06,XLK,100.5032029019063,Technology
2025-10-06,XLP,99.38414259199995,Consumer Staples
2025-10-06,XLRE,99.4034786571386,Real Estate
2025-10-06,XLU,102.13902707262359,Utilities
2025-10-06,XLV,100.64950029063264,Healthcare
2025-10-06,XLY,100.20885459694743,Consumer Discretionary
2025-10-07,XLB,99.67672907347385,Materials
2025-10-07,XLC,99.66509788252611,Communication Services
2025-10-07,XLE,101.18724191839696,Energy
2025-10-07,XLF,100.7872593443287,Financials
2025-10-07,XLI,100.03242776789764,Industrials
2025-10-07,XLK,99.83225498014802,Technology
2025-10-07,XLP,100.3079387614421,Consumer Staples
2025-10-07,XLRE,99.09329283588261,Real Estate
2025-10-07,XLU,102.60553444829885,Utilities
2025-10-07,XLV,100.72630531432476,Healthcare
2025-10-07,XLY,98.45447212693034,Consumer Discretionary
2025-10-08,XLB,100.21177938406484,Materials
2025-10-08,XLC,99.25290402824395,Communication Services
2025-10-08,XLE,100.5992639295303,Energy
2025-10-08,XLF,100.29989967512986,Financials
2025-10-08,XLI,100.90142188756232,Industrials
2025-10-08,XLK,101.58302461989659,Technology
2025-10-08,XLP,99.80753073101714,Consumer Staples
2025-10-08,XLRE,98.59221980798011,Real Estate
2025-10-08,XLU,103.31096938288103,Utilities
2025-10-08,XLV,100.92185530340909,Healthcare
2025-10-08,XLY,98.74686599221774,Consumer Discretionary
2025-10-09,XLB,98.84069402337971,Materials
2025-10-09,XLC,98.68613333312109,Communication Services
2025-10-09,XLE,99.2311186745053,Energy
2025-10-09,XLF,99.9437692648554,Financials
2025-10-09,XLI,99.40984464997378,Industrials
2025-10-09,XLK,101.41179585466458,Technology
2025-10-09,XLP,100.12830278854649,Consumer Staples
2025-10-09,XLRE,98.13886622592142,Real Estate
2025-10-09,XLU,103.04927491409732,Utilities
2025-10-09,XLV,100.69837424491041,Healthcare
2025-10-09,XLY,98.25397145681688,Consumer Discretionary
2025-10-10,XLB,96.8119410325154,Materials
2025-10-10,XLC,96.86560881851425,Communication Services
2025-10-10,XLE,96.35911295345613,Energy
2025-10-10,XLF,97.76945122593824,Financials
2025-10-10,XLI,97.2114121322088,Industrials
2025-10-10,XLK,97.28472597394801,Technology
2025-10-10,XLP,100.20527239274392,Consumer Staples
2025-10-10,XLRE,97.06514100135072,Real Estate
2025-10-10,XLU,102.62828350177573,Utilities
2025-10-10,XLV,99.2457636162609,Healthcare
2025-10-10,XLY,95.55137973455591,Consumer Discretionary
2025-10-13,XLB,98.35022474502706,Materials
2025-10-13,XLC,97.75869881918018,Communication Services
2025-10-13,XLE,97.67073090661948,Energy
2025-10-13,XLF,98.70664951321774,Financials
2025-10-13,XLI,98.22308843062314,Industrials
2025-10-13,XLK,99.65403728572286,Technology
2025-10-13,XLP,99.87167709656934,Consumer Staples
2025-10-13,XLRE,97.61393347509703,Real Estate
2025-10-13,XLU,103.4133579799269,Utilities
2025-10-13,XLV,99.13401766981423,Healthcare
2025-10-13,XLY,97.68589157991006,Consumer Discretionary
2025-10-14,XLB,99.33117195992469,Materials
2025-10-14,XLC,98.40274798555964,Communication Services
2025-10-14,XLE,97.65941834817127,Energy
2025-10-14,XLF,99.79381579575242,Financials
2025-10-14,XLI,99.37742689064646,Industrials
2025-10-14,XLK,98.37504180494456,Technology
2025-10-14,XLP,101.47547703956377,Consumer Staples
2025-10-14,XLRE,98.54449093886501,Real Estate
2025-10-14,XLU,104.33496249173919,Utilities
2025-10-14,XLV,99.40638351698536,Healthcare
2025-10-14,XLY,97.89056278734294,Consumer Discretionary
2025-10-15,XLB,98.88528371381038,Materials
2025-10-15,XLC,99.09832718740324,Communication Services
2025-10-15,XLE,97.60289104630962,Energy
2025-10-15,XLF,99.79381579575242,Financials
2025-10-15,XLI,98.96238148726755,Industrials
2025-10-15,XLK,99.35000814660458,Technology
2025-10-15,XLP,101.65512306990144,Consumer Staples
2025-10-15,XLRE,99.9761497003494,Real Estate
2025-10-15,XLU,105.70030746934992,Utilities
2025-10-15,XLV,99.56002606755354,Healthcare
2025-10-15,XLY,98.03258596961844,Consumer Discretionary
2025-10-16,XLB,98.14958845447372,Materials
2025-10-16,XLC,98.04207753396578,Communication Services
2025-10-16,XLE,96.42694394117115,Energy
2025-10-16,XLF,97.01967661734723,Financials
2025-10-16,XLI,98.31387617216623,Industrials
2025-10-16,XLK,99.42340262234913,Technology
2025-10-16,XLP,100.94944264673256,Consumer Staples
2025-10-16,XLRE,99.66594503255081,Real Estate
2025-10-16,XLU,104.55114099716923,Utilities
2025-10-16,XLV,99.39243965106749,Healthcare
2025-10-16,XLY,97.08437671737458,Consumer Discretionary
2025-10-17,XLB,97.96008659923955,Materials
2025-10-17,XLC,98.70331222253441,Communication Services
2025-10-17,XLE,97.21845038356227,Energy
2025-10-17,XLF,97.80692869859985,Financials
2025-10-17,XLI,98.39817836012979,Industrials
2025-10-17,XLK,99.59812585217772,Technology
2025-10-17,XLP,102.29663701263397,Consumer Staples
2025-10-17,XLRE,100.31019524452729,Real Estate
2025-10-17,XLU,104.18705793133964,Utilities
2025-10-17,XLV,100.05587297322333,Healthcare
2025-10-17,XLY,97.91980153126194,Consumer Discretionary
2025-10-20,XLB,99.13053566937134,Materials
2025-10-20,XLC,99.81966809059098,Communication Services
2025-10-20,XLE,98.24738746444308,Energy
2025-10-20,XLF,98.95032571627912,Financials
2025-10-20,XLI,99.55901238230297,Industrials
2025-10-20,XLK,100.70938703232058,Technology
2025-10-20,XLP,102.20683411234927,Consumer Staples
2025-10-20,XLRE,101.3600513229048,Real Estate
2025-10-20,XLU,104.15290756652446,Utilities
2025-10-20,XLV,101.1173944580988,Healthcare
2025-10-20,XLY,98.69674243121376,Consumer Discretionary
2025-10-21,XLB,98.75152330071072,Materials
2025-10-21,XLC,100.1717490974782,Communication Services
2025-10-21,XLE,98.0212516392119,Energy
2025-10-21,XLF,98.83786424598992,Financials
2025-10-21,XLI,100.44098761769705,Industrials
2025-10-21,XLK,100.7617932820526,Technology
2025-10-21,XLP,101.73209267409884,Consumer Staples
2025-10-21,XLRE,101.04986550164878,Real Estate
2025-10-21,XLU,103.09477302105108,Utilities
2025-10-21,XLV,101.35484105130466,Healthcare
2025-10-21,XLY,99.90392984140905,Consumer Discretionary
2025-10-22,XLB,98.45055587759221,Materials
2025-10-22,XLC,99.30442743093224,Communication Services
2025-10-22,XLE,99.2763422905136,Energy
2025-10-22,XLF,98.27554236839178,Financials
2025-10-22,XLI,99.13748142534452,Industrials
2025-10-22,XLK,99.7658494335966,Technology
2025-10-22,XLP,102.30946025127916,Consumer Staples
2025-10-22,XLRE,101.50322850697877,Real Estate
2025-10-22,XLU,102.85584546214417,Utilities
2025-10-22,XLV,101.93450283400678,Healthcare
2025-10-22,XLY,99.12281197804023,Consumer Discretionary
2025-10-23,XLB,99.6321480412355,Materials
2025-10-23,XLC,98.96951868068253,Communication Services
2025-10-23,XLE,100.5992639295303,Energy
2025-10-23,XLF,98.48173383571547,Financials
2025-10-23,XLI,100.37613208190173,Industrials
2025-10-23,XLK,101.02388884601203,Technology
2025-10-23,XLP,101.80907233573832,Consumer Staples
2025-10-23,XLRE,101.40777076874858,Real Estate
2025-10-23,XLU,102.77619699037521,Utilities
2025-10-23,XLV,101.99035413844082,Healthcare
2025-10-23,XLY,99.56975348975654,Consumer Discretionary
2025-10-24,XLB,99.21970639204035,Materials
2025-10-24,XLC,99.22714232689981,Communication Services
2025-10-24,XLE,99.58163053450286,Energy
2025-10-24,XLF,99.55013959269104,Financials
2025-10-24,XLI,100.46043426986529,Industrials
2025-10-24,XLK,102.59295704595543,Technology
2025-10-24,XLP,101.47547703956377,Consumer Staples
2025-10-24,XLRE,101.76569488239097,Real Estate
2025-10-24,XLU,103.98225395264804,Utilities
2025-10-24,XLV,101.98337678828455,Healthcare
2025-10-24,XLY,99.27318266105215,Consumer Discretionary
2025-10-27,XLB,99.1751167016097,Materials
2025-10-27,XLC,100.60971791865616,Communication Services
2025-10-27,XLE,99.81907891818226,Energy
2025-10-27,XLF,99.96252252733841,Financials
2025-10-27,XLI,101.03111294201224,Industrials
2025-10-27,XLK,104.48699973416342,Technology
2025-10-27,XLP,101.64228977381416,Consumer Staples
2025-10-27,XLRE,101.98044181195938,Real Estate
2025-10-27,XLU,104.26669747490864,Utilities
2025-10-27,XLV,102.2208233814904,Healthcare
2025-10-27,XLY,100.70176198454344,Consumer Discretionary
2025-10-28,XLB,99.30887711470936,Materials
2025-10-28,XLC,100.11164288285907,Communication Services
2025-10-28,XLE,98.77882927885324,Energy
2025-10-28,XLF,99.32521665211267,Financials
2025-10-28,XLI,100.31127654610643,Industrials
2025-10-28,XLK,105.52138269318172,Technology
2025-10-28,XLP,100.62869070408733,Consumer Staples
2025-10-28,XLRE,99.7136739016659,Real Estate
2025-10-28,XLU,102.54863503000679,Utilities
2025-10-28,XLV,101.57832210980334,Healthcare
2025-10-28,XLY,100.72681733894785,Consumer Discretionary
2025-10-29,XLB,97.35815175300256,Materials
2025-10-29,XLC,99.86260204857261,Communication Services
2025-10-29,XLE,99.51379067419299,Energy
2025-10-29,XLF,97.63824375624216,Financials
2025-10-29,XLI,100.57067867214695,Industrials
2025-10-29,XLK,106.27970294907085,Technology
2025-10-29,XLP,98.2550639723718,Consumer Staples
2025-10-29,XLRE,96.99356183258503,Real Estate
2025-10-29,XLU,102.51451144979147,Utilities
2025-10-29,XLV,100.55170904449848,Healthcare
2025-10-29,XLY,99.89557591457505,Consumer Discretionary
2025-10-30,XLB,96.05394226977108,Materials
2025-10-30,XLC,98.17089930623818,Communication Services
2025-10-30,XLE,98.92581268532632,Energy
2025-10-30,XLF,97.90065869563433,Financials
2025-10-30,XLI,100.31775209111562,Industrials
2025-10-30,XLK,104.97274103230343,Technology
2025-10-30,XLP,98.15241771855777,Consumer Staples
2025-10-30,XLRE,97.54235430633132,Real Estate
2025-10-30,XLU,102.08214551073142,Utilities
2025-10-30,XLV,100.77520093739183,Healthcare
2025-10-30,XLY,97.63993855622553,Consumer Discretionary
2025-10-31,XLB,95.49659711396475,Materials
2025-10-31,XLC,98.59166933967532,Communication Services
2025-10-31,XLE,99.6494792674076,Energy
2025-10-31,XLF,98.1630663719504,Financials
2025-10-31,XLI,100.55771757355825,Industrials
2025-10-31,XLK,105.074080505604,Technology
2025-10-31,XLP,97.87015560673228,Consumer Staples
2025-10-31,XLRE,97.59008317544642,Real Estate
2025-10-31,XLU,101.37672843254914,Utilities
2025-10-31,XLV,100.74027084903192,Healthcare
2025-10-31,XLY,100.22137906110086,Consumer Discretionary
2025-11-03,XLB,94.90580536123926,Materials
2025-11-03,XLC,97.54400913094453,Communication Services
2025-11-03,XLE,99.66078295326093,Energy
2025-11-03,XLF,97.75070522653135,Financials
2025-11-03,XLI,100.12969105444994,Industrials
2025-11-03,XLK,105.50391037019887,Technology
2025-11-03,XLP,97.10033887545326,Consumer Staples
2025-11-03,XLRE,97.42305569172183,Real Estate
2025-11-03,XLU,101.43360106624135,Utilities
2025-11-03,XLV,100.87994786489294,Healthcare
2025-11-03,XLY,101.16124081260831,Consumer Discretionary
2025-11-04,XLB,94.43762226990962,Materials
2025-11-04,XLC,96.87419826322092,Communication Services
2025-11-04,XLE,98.58661338377699,Energy
2025-11-04,XLF,98.2567963689849,Financials
2025-11-04,XLI,98.96887704941742,Industrials
2025-11-04,XLK,102.718757771432,Technology
2025-11-04,XLP,97.4980604222959,Consumer Staples
2025-11-04,XLRE,97.68551264386272,Real Estate
2025-11-04,XLU,101.06952692861174,Utilities
2025-11-04,XLV,101.33390900083587,Healthcare
2025-11-04,XLY,99.4820372579996,Consumer Discretionary
2025-11-05,XLB,94.99498474210058,Materials
2025-11-05,XLC,97.3980283675863,Communication Services
2025-11-05,XLE,98.8466691391631,Energy
2025-11-05,XLF,98.59418804292855,Financials
2025-11-05,XLI,99.35148467632834,Industrials
2025-11-05,XLK,103.1206319192543,Technology
2025-11-05,XLP,97.43392411418577,Consumer Staples
2025-11-05,XLRE,97.66165292094082,Real Estate
2025-11-05,XLU,101.09227598208861,Utilities
2025-11-05,XLV,101.72499814460991,Healthcare
2025-11-05,XLY,100.69340163161186,Consumer Discretionary
2025-11-06,XLB,94.52680165077095,Materials
2025-11-06,XLC,96.5221172563337,Communication Services
2025-11-06,XLE,99.80776635973405,Energy
2025-11-06,XLF,98.238050369578,Financials
2025-11-06,XLI,98.95589593368803,Industrials
2025-11-06,XLK,101.04836081740459,Technology
2025-11-06,XLP,96.99767250675508,Consumer Staples
2025-11-06,XLRE,97.18444903923152,Real Estate
2025-11-06,XLU,100.64853551629011,Utilities
2025-11-06,XLV,101.92053729929962,Healthcare
2025-11-06,XLY,98.36675589517338,Consumer Discretionary
2025-11-07,XLB,95.66379546579127,Materials
2025-11-07,XLC,96.27307642204724,Communication Services
2025-11-07,XLE,101.24377809285347,Energy
2025-11-07,XLF,98.93157971687222,Financials
2025-11-07,XLI,99.43579687286224,Industrials
2025-11-07,XLK,100.6988929193143,Technology
2025-11-07,XLP,98.42185659173805,Consumer Staples
2025-11-07,XLRE,98.47292119337061,Real Estate
2025-11-07,XLU,102.0480219305161,Utilities
2025-11-07,XLV,102.06021431516061,Healthcare
2025-11-07,XLY,98.52130354160231,Consumer Discretionary
2025-11-10,XLB,96.56671505153139,Materials
2025-11-10,XLC,97.27780267279641,Communication Services
2025-11-10,XLE,102.15965169741612,Energy
2025-11-10,XLF,99.28771739022278,Financials
2025-11-10,XLI,100.0,Industrials
2025-11-10,XLK,103.27438836150344,Technology
2025-11-10,XLP,98.06260476083101,Consumer Staples
2025-11-10,XLRE,98.40134202460492,Real Estate
2025-11-10,XLU,102.01388049390087,Utilities
2025-11-10,XLV,102.85633646862658,Healthcare
2025-11-10,XLY,99.81620718355454,Consumer Discretionary
2025-11-11,XLB,97.56993113706741,Materials
2025-11-11,XLC,98.06783923530993,Communication Services
2025-11-11,XLE,103.49389476747591,Energy
2025-11-11,XLF,99.73758506060783,Financials
2025-11-11,XLI,100.02593220574778,Industrials
2025-11-11,XLK,102.3937618447343,Technology
2025-11-11,XLP,99.3456527611802,Consumer Staples
2025-11-11,XLRE,99.49892697209751,Real Estate
2025-11-11,XLU,102.070770983993,Utilities
2025-11-11,XLV,105.23081323507981,Healthcare
2025-11-11,XLY,100.06266087735254,Consumer Discretionary
2025-11-12,XLB,98.26104536416574,Materials
2025-11-12,XLC,97.50107517296289,Communication Services
2025-11-12,XLE,102.04658822109795,Energy
2025-11-12,XLF,100.59981387641193,Financials
2025-11-12,XLI,100.1232055008704,Industrials
2025-11-12,XLK,102.7117795614554,Technology
2025-11-12,XLP,99.20450661910435,Consumer Staples
2025-11-12,XLRE,98.71151842258962,Real Estate
2025-11-12,XLU,102.30969854289991,Utilities
2025-11-12,XLV,106.72534213664014,Healthcare
2025-11-12,XLY,99.39014406282564,Consumer Discretionary
2025-11-13,XLB,97.6145294856904,Materials
2025-11-13,XLC,96.11850621398237,Communication Services
2025-11-13,XLE,102.30665284907894,Energy
2025-11-13,XLF,99.30646338962967,Financials
2025-11-13,XLI,98.57327829820676,Industrials
2025-11-13,XLK,100.15025125843601,Technology
2025-11-13,XLP,99.20450661910435,Consumer Staples
2025-11-13,XLRE,97.42305569172183,Real Estate
2025-11-13,XLU,100.89884653013543,Utilities
2025-11-13,XLV,106.66946916341679,Healthcare
2025-11-13,XLY,96.90894425386067,Consumer Discretionary
2025-11-14,XLB,96.7227703098464,Materials
2025-11-14,XLC,95.60326555432363,Communication Services
2025-11-14,XLE,104.04794395359278,Energy
2025-11-14,XLF,98.31302710412949,Financials
2025-11-14,XLI,98.57976385178628,Industrials
2025-11-14,XLK,100.6954091739343,Technology
2025-11-14,XLP,99.12752695746487,Consumer Staples
2025-11-14,XLRE,97.70937236678463,Real Estate
2025-11-14,XLU,100.98987845684277,Utilities
2025-11-14,XLV,106.03395607628063,Healthcare
2025-11-14,XLY,96.44528203628123,Consumer Discretionary
2025-11-17,XLB,95.25135381659611,Materials
2025-11-17,XLC,95.4744570476029,Communication Services
2025-11-17,XLE,102.14835688415762,Energy
2025-11-17,XLF,96.4386160034183,Financials
2025-11-17,XLI,97.613496436999,Industrials
2025-11-17,XLK,99.11937348323086,Technology
2025-11-17,XLP,98.49883625337755,Consumer Staples
2025-11-17,XLRE,97.06514100135072,Real Estate
2025-11-17,XLU,101.90009951371665,Utilities
2025-11-17,XLV,105.9431746834867,Healthcare
2025-11-17,XLY,95.53884884430491,Consumer Discretionary
2025-11-18,XLB,95.32939010394593,Materials
2025-11-18,XLC,96.01545940860578,Communication Services
2025-11-18,XLE,102.9624618256606,Energy
2025-11-18,XLF,96.28865527123921,Financials
2025-11-18,XLI,97.1789943728815,Industrials
2025-11-18,XLK,97.50838242734515,Technology
2025-11-18,XLP,98.9222344498368,Consumer Staples
2025-11-18,XLRE,97.42305569172183,Real Estate
2025-11-18,XLU,101.51324060981035,Utilities
2025-11-18,XLV,106.5647005671264,Healthcare
2025-11-18,XLY,93.7761124474538,Consumer Discretionary
2025-11-19,XLB,95.57461608492994,Materials
2025-11-19,XLC,95.48304649230957,Communication Services
2025-11-19,XLE,101.62821875560081,Energy
2025-11-19,XLF,96.64480747074197,Financials
2025-11-19,XLI,97.50324202614699,Industrials
2025-11-19,XLK,98.18632999751314,Technology
2025-11-19,XLP,98.16526107208712,Consumer Staples
2025-11-19,XLRE,96.65950686513584,Real Estate
2025-11-19,XLU,100.65991897122852,Utilities
2025-11-19,XLV,106.38312694714386,Healthcare
2025-11-19,XLY,93.78027655867567,Consumer Discretionary
2025-11-20,XLB,94.14780659849494,Materials
2025-11-20,XLC,94.43537965080291,Communication Services
2025-11-20,XLE,100.47489676735879,Energy
2025-11-20,XLF,95.80131739126865,Financials
2025-11-20,XLI,95.86899261837912,Industrials
2025-11-20,XLK,95.1041264696046,Technology
2025-11-20,XLP,98.87091132292977,Consumer Staples
2025-11-20,XLRE,96.32545189768665,Real Estate
2025-11-20,XLU,100.14790456039955,Utilities
2025-11-20,XLV,105.7476138600077,Healthcare
2025-11-20,XLY,92.38095525739605,Consumer Discretionary
2025-11-21,XLB,96.25458721851675,Materials
2025-11-21,XLC,96.09274451263823,Communication Services
2025-11-21,XLE,101.10809837223375,Energy
2025-11-21,XLF,96.85098441191346,Financials
2025-11-21,XLI,97.03632220270218,Industrials
2025-11-21,XLK,95.4710666906777,Technology
2025-11-21,XLP,99.94867687309298,Consumer Staples
2025-11-21,XLRE,97.59008317544642,Real Estate
2025-11-21,XLU,100.29581804899902,Utilities
2025-11-21,XLV,107.97541459165438,Healthcare
2025-11-21,XLY,94.19382806744626,Consumer Discretionary
2025-11-24,XLB,96.44408907375092,Materials
2025-11-24,XLC,97.0459473606991,Communication Services
2025-11-24,XLE,100.82542637254606,Energy
2025-11-24,XLF,97.26336008348471,Financials
2025-11-24,XLI,97.27624765086344,Industrials
2025-11-24,XLK,97.74601673912858,Technology
2025-11-24,XLP,98.79394171873237,Consumer Staples
2025-11-24,XLRE,97.73322266643522,Real Estate
2025-11-24,XLU,101.43360106624135,Utilities
2025-11-24,XLV,108.42936489320267,Healthcare
2025-11-24,XLY,95.4511261864504,Consumer Discretionary
2025-11-25,XLB,97.88205031188973,Materials
2025-11-25,XLC,98.15371378404902,Communication Services
2025-11-25,XLE,100.19221589507626,Energy
2025-11-25,XLF,98.48173383571547,Financials
2025-11-25,XLI,98.52140387814086,Industrials
2025-11-25,XLK,98.00810158387144,Technology
2025-11-25,XLP,100.1539492658369,Consumer Staples
2025-11-25,XLRE,98.52063121594313,Real Estate
2025-11-25,XLU,101.04676001873494,Utilities
2025-11-25,XLV,110.88065751774268,Healthcare
2025-11-25,XLY,97.49373198443547,Consumer Discretionary
2025-11-26,XLB,99.08594597894069,Materials
2025-11-26,XLC,98.2911117354764,Communication Services
2025-11-26,XLE,100.94979353471759,Energy
2025-11-26,XLF,99.25024718063727,Financials
2025-11-26,XLI,99.09208255028781,Industrials
2025-11-26,XLK,99.16829598758285,Technology
2025-11-26,XLP,101.24454811208739,Consumer Staples
2025-11-26,XLRE,98.9501344983512,Real Estate
2025-11-26,XLU,102.38934701466886,Utilities
2025-11-26,XLV,110.6362227399859,Healthcare
2025-11-26,XLY,98.1620654094478,Consumer Discretionary
2025-11-28,XLB,99.65444288645084,Materials
2025-11-28,XLC,99.08973774269658,Communication Services
2025-11-28,XLE,102.27272404632915,Energy
2025-11-28,XLF,99.96252252733841,Financials
2025-11-28,XLI,99.66926679315497,Industrials
2025-11-28,XLK,100.02095606836288,Technology
2025-11-28,XLP,101.83473892791288,Consumer Staples
2025-11-28,XLRE,99.4273383800605,Real Estate
2025-11-28,XLU,103.11752207452798,Utilities
2025-11-28,XLV,110.09846839579993,Healthcare
2025-11-28,XLY,98.77192777271972,Consumer Discretionary
2025-12-01,XLB,99.40919958908219,Materials
2025-12-01,XLC,98.62602048572613,Communication Services
2025-12-01,XLE,103.25644638379651,Energy
2025-12-01,XLF,99.1377711841959,Financials
2025-12-01,XLI,98.21011732346409,Industrials
2025-12-01,XLK,100.0663841081183,Technology
2025-12-01,XLP,101.73209267409884,Consumer Staples
2025-12-01,XLRE,98.04342733423383,Real Estate
2025-12-01,XLU,100.7054349345822,Utilities
2025-12-01,XLV,108.4503077780661,Healthcare
2025-12-01,XLY,98.83041168665527,Consumer Discretionary
2025-12-02,XLB,98.5062973197267,Materials
2025-12-02,XLC,98.9523397912692,Communication Services
2025-12-02,XLE,101.92220331373673,Energy
2025-12-02,XLF,99.04404845023751,Financials
2025-12-02,XLI,99.06615034454003,Industrials
2025-12-02,XLK,101.09728332175658,Technology
2025-12-02,XLP,101.06491213919178,Consumer Staples
2025-12-02,XLRE,97.80483010501482,Real Estate
2025-12-02,XLU,99.9886165450616,Utilities
2025-12-02,XLV,107.80082915622276,Healthcare
2025-12-02,XLY,98.7635802719833,Consumer Discretionary
2025-12-03,XLB,99.1974028886327,Materials
2025-12-03,XLC,98.8664652425301,Communication Services
2025-12-03,XLE,103.8331029416201,Energy
2025-12-03,XLF,100.37489093583356,Financials
2025-12-03,XLI,100.00648555357954,Industrials
2025-12-03,XLK,101.33841209813656,Technology
2025-12-03,XLP,101.14190185827334,Consumer Staples
2025-12-03,XLRE,97.99569846511874,Real Estate
2025-12-03,XLU,99.67004051438573,Utilities
2025-12-03,XLV,108.30365341204882,Healthcare
2025-12-03,XLY,99.82873807380554,Consumer Discretionary
2025-12-04,XLB,98.61776288761104,Materials
2025-12-04,XLC,99.4332425704288,Communication Services
2025-12-04,XLE,104.27407977882395,Energy
2025-12-04,XLF,100.58107514008113,Financials
2025-12-04,XLI,100.52528980566058,Industrials
2025-12-04,XLK,101.71581427456631,Technology
2025-12-04,XLP,100.65433718137773,Consumer Staples
2025-12-04,XLRE,97.82868982793673,Real Estate
2025-12-04,XLU,99.46523653569413,Utilities
2025-12-04,XLV,107.47956768598456,Healthcare
2025-12-04,XLY,99.4736833311656,Consumer Discretionary
2025-12-05,XLB,98.29449196108489,Materials
2025-12-05,XLC,100.58394295176033,Communication Services
2025-12-05,XLE,103.84441550006831,Energy
2025-12-05,XLF,100.61855261274273,Financials
2025-12-05,XLI,100.24643101888147,Industrials
2025-12-05,XLK,102.46015667206916,Technology
2025-12-05,XLP,100.66718053490706,Consumer Staples
2025-12-05,XLRE,97.80483010501482,Real Estate
2025-12-05,XLU,98.53225749714343,Utilities
2025-12-05,XLV,107.0326272377765,Healthcare
2025-12-05,XLY,100.02506820659956,Consumer Discretionary
2025-12-08,XLB,96.93454969391125,Materials
2025-12-08,XLC,99.8368469800043,Communication Services
2025-12-08,XLE,102.71369201093815,Energy
2025-12-08,XLF,100.24367620306138,Financials
2025-12-08,XLI,100.1232055008704,Industrials
2025-12-08,XLK,103.180037817396,Technology
2025-12-08,XLP,99.83319732319168,Consumer Staples
2025-12-08,XLRE,97.20831818542473,Real Estate
2025-12-08,XLU,97.21241955468638,Utilities
2025-12-08,XLV,105.75458037576931,Healthcare
2025-12-08,XLY,98.57142710260626,Consumer Discretionary
2025-12-09,XLB,96.7339134033579,Materials
2025-12-09,XLC,99.94847659731171,Communication Services
2025-12-09,XLE,103.34690248840796,Energy
2025-12-09,XLF,99.86879253030392,Financials
2025-12-09,XLI,99.39038798923518,Industrials
2025-12-09,XLK,103.45260605592858,Technology
2025-12-09,XLP,100.0641463655522,Consumer Staples
2025-12-09,XLRE,96.63564714221393,Real Estate
2025-12-09,XLU,97.28069349971689,Utilities
2025-12-09,XLV,104.72798897925375,Healthcare
2025-12-09,XLY,98.56307960186984,Consumer Discretionary
2025-12-10,XLB,98.62891463931486,Materials
2025-12-10,XLC,100.53241291629622,Communication Services
2025-12-10,XLE,104.43238461634013,Energy
2025-12-10,XLF,101.0121822849071,Financials
2025-12-10,XLI,101.20622288865957,Industrials
2025-12-10,XLK,103.9488307478583,Technology
2025-12-10,XLP,100.35925183090704,Consumer Staples
2025-12-10,XLRE,96.82654377213173,Real Estate
2025-12-10,XLU,97.23517753636321,Utilities
2025-12-10,XLV,106.25044895022842,Healthcare
2025-12-10,XLY,100.008353926834,Consumer Discretionary
2025-12-11,XLB,100.59078309453318,Materials
2025-12-11,XLC,100.30914704890559,Communication Services
2025-12-11,XLE,103.93487160467976,Energy
2025-12-11,XLF,102.84911591295669,Financials
2025-12-11,XLI,102.28922025930804,Industrials
2025-12-11,XLK,103.41766140996288,Technology
2025-12-11,XLP,101.10340197001153,Consumer Staples
2025-12-11,XLRE,97.35146709968483,Real Estate
2025-12-11,XLU,97.94061247094541,Utilities
2025-12-11,XLV,107.25609746188054,Healthcare
2025-12-11,XLY,100.40100776632448,Consumer Discretionary
2025-12-12,XLB,100.65767628837148,Materials
2025-12-12,XLC,100.08588118151494,Communication Services
2025-12-12,XLE,102.91722046446259,Energy
2025-12-12,XLF,102.99905485590747,Financials
2025-12-12,XLI,101.64720049778626,Industrials
2025-12-12,XLK,100.42632468078172,Technology
2025-12-12,XLP,101.89888529346509,Consumer Staples
2025-12-12,XLRE,97.23216848507533,Real Estate
2025-12-12,XLU,97.46273949673166,Utilities
2025-12-12,XLV,107.59131363243124,Healthcare
2025-12-12,XLY,100.8354183877898,Consumer Discretionary
2025-12-15,XLB,100.59078309453318,Materials
2025-12-15,XLC,100.10305343815243,Communication Services
2025-12-15,XLE,102.19357162757106,Energy
2025-12-15,XLF,103.07404611661116,Financials
2025-12-15,XLI,101.80932932870417,Industrials
2025-12-15,XLK,99.45484208450172,Technology
2025-12-15,XLP,102.18116752017472,Consumer Staples
2025-12-15,XLRE,97.61393347509703,Real Estate
2025-12-15,XLU,98.35021150012867,Utilities
2025-12-15,XLV,109.0159931916664,Healthcare
2025-12-15,XLY,101.69590498217916,Consumer Discretionary
2025-12-16,XLB,100.32326226833383,Materials
2025-12-16,XLC,100.1717490974782,Communication Services
2025-12-16,XLE,99.07280496439428,Energy
2025-12-16,XLF,102.41799424197853,Financials
2025-12-16,XLI,101.20622288865957,Industrials
2025-12-16,XLK,99.63655424352345,Technology
2025-12-16,XLP,101.71925937801159,Consumer Staples
2025-12-16,XLRE,96.75495518009474,Real Estate
2025-12-16,XLU,97.94061247094541,Utilities
2025-12-16,XLV,107.5983126513768,Healthcare
2025-12-16,XLY,101.86298994495661,Consumer Discretionary
2025-12-17,XLB,100.74683835284817,Materials
2025-12-17,XLC,99.45040156151462,Communication Services
2025-12-17,XLE,101.26639433715505,Energy
2025-12-17,XLF,102.39924824257163,Financials
2025-12-17,XLI,99.56548792731216,Industrials
2025-12-17,XLK,97.4210100932143,Technology
2025-12-17,XLP,102.19399075881992,Consumer Staples
2025-12-17,XLRE,97.18444903923152,Real Estate
2025-12-17,XLU,97.30343362499381,Utilities
2025-12-17,XLV,107.4027518278978,Healthcare
2025-12-17,XLY,100.68504770477789,Consumer Discretionary
2025-12-18,XLB,100.7022486624175,Materials
2025-12-18,XLC,100.01717888941333,Communication Services
2025-12-18,XLE,99.79647154647554,Energy
2025-12-18,XLF,102.23055603713784,Financials
2025-12-18,XLI,100.21399324241347,Industrials
2025-12-18,XLK,98.9236727466063,Technology
2025-12-18,XLP,101.60379994299443,Consumer Staples
2025-12-18,XLRE,96.58791827309884,Real Estate
2025-12-18,XLU,98.25917957342132,Utilities
2025-12-18,XLV,107.48656670493013,Healthcare
2025-12-18,XLY,102.20550737124799,Consumer Discretionary
2025-12-19,XLB,101.14813690853181,Materials
2025-12-19,XLC,100.06010621461911,Communication Services
2025-12-19,XLE,99.79647154647554,Energy
2025-12-19,XLF,102.7928706516599,Financials
2025-12-19,XLI,101.07652182563929,Industrials
2025-12-19,XLK,101.06234939500742,Technology
2025-12-19,XLP,101.07774543527906,Consumer Staples
2025-12-19,XLRE,96.23001300599904,Real Estate
2025-12-19,XLU,97.00762450419474,Utilities
2025-12-19,XLV,108.20588383470397,Healthcare
2025-12-19,XLY,101.79615210418709,Consumer Discretionary
2025-12-22,XLB,102.34254319680373,Materials
2025-12-22,XLC,100.5046613822015,Communication Services
2025-12-22,XLE,100.82963198251034,Energy
2025-12-22,XLF,104.05500443737634,Financials
2025-12-22,XLI,102.19707135219889,Industrials
2025-12-22,XLK,101.60760378345468,Technology
2025-12-22,XLP,100.72466887380584,Consumer Staples
2025-12-22,XLRE,96.94399542556718,Real Estate
2025-12-22,XLU,97.36756488524674,Utilities
2025-12-22,XLV,108.91915537226167,Healthcare
2025-12-22,XLY,102.40805796648456,Consumer Discretionary
2025-12-23,XLB,102.52181972691197,Materials
2025-12-23,XLC,101.13356792134907,Communication Services
2025-12-23,XLE,101.49103069385465,Energy
2025-12-23,XLF,104.26191494923364,Financials
2025-12-23,XLI,102.1580279193073,Industrials
2025-12-23,XLK,102.1605867270373,Technology
2025-12-23,XLP,100.24613577989328,Consumer Staples
2025-12-23,XLRE,96.91989069759158,Real Estate
2025-12-23,XLU,97.71145236278562,Utilities
2025-12-23,XLV,108.70174157476842,Healthcare
2025-12-23,XLY,102.2657584620138,Consumer Discretionary
2025-12-24,XLB,102.72350365873561,Materials
2025-12-24,XLC,101.73663316584248,Communication Services
2025-12-24,XLE,101.194535191373,Energy
2025-12-24,XLF,104.82619785737803,Financials
2025-12-24,XLI,102.48990210317095,Industrials
2025-12-24,XLK,102.40558514059323,Technology
2025-12-24,XLP,101.03507170855626,Consumer Staples
2025-12-24,XLRE,97.54704709543682,Real Estate
2025-12-24,XLU,98.14705923842811,Utilities
2025-12-24,XLV,109.26983222398161,Healthcare
2025-12-24,XLY,102.61732383367614,Consumer Discretionary
2025-12-26,XLB,103.32854679601428,Materials
2025-12-26,XLC,101.63324808889831,Communication Services
2025-12-26,XLE,100.80682054112182,Energy
2025-12-26,XLF,104.61929460859682,Financials
2025-12-26,XLI,102.30120051800358,Industrials
2025-12-26,XLK,102.56656633479973,Technology
2025-12-26,XLP,101.17734428414447,Consumer Staples
2025-12-26,XLRE,97.74001684503976,Real Estate
2025-12-26,XLU,98.07827638600037,Utilities
2025-12-26,XLV,109.4451760670389,Healthcare
2025-12-26,XLY,102.1653185570789,Consumer Discretionary
2025-12-29,XLB,102.49940366700419,Materials
2025-12-29,XLC,101.56432028241828,Communication Services
2025-12-29,XLE,101.76470588235293,Energy
2025-12-29,XLF,104.05500443737634,Financials
2025-12-29,XLI,102.07993104495378,Industrials
2025-12-29,XLK,102.10458953975971,Technology
2025-12-29,XLP,101.24199352180041,Consumer Staples
2025-12-29,XLRE,98.005347894926,Real Estate
2025-12-29,XLU,98.26168839760774,Utilities
2025-12-29,XLV,109.27684207732182,Healthcare
2025-12-29,XLY,101.16082311626661,Consumer Discretionary
2025-12-30,XLB,102.47699626528875,Materials
2025-12-30,XLC,101.908932783715,Communication Services
2025-12-30,XLE,102.54014405545018,Energy
2025-12-30,XLF,103.79167435039591,Financials
2025-12-30,XLI,101.78712031112241,Industrials
2025-12-30,XLK,101.78260571291366,Technology
2025-12-30,XLP,101.07387332008031,Consumer Staples
2025-12-30,XLRE,98.22245064231844,Real Estate
2025-12-30,XLU,98.490946715967,Utilities
2025-12-30,XLV,109.18565981192575,Healthcare
2025-12-30,XLY,100.75065173481501,Consumer Discretionary
2025-12-31,XLB,101.6254457345632,Materials
2025-12-31,XLC,101.41786859197578,Communication Services
2025-12-31,XLE,101.96997336447022,Energy
2025-12-31,XLF,103.02047366731814,Financials
2025-12-31,XLI,100.94116592037763,Industrials
2025-12-31,XLK,100.77464562270073,Technology
2025-12-31,XLP,100.46599146364545,Consumer Staples
2025-12-31,XLRE,97.32994434804438,Real Estate
2025-12-31,XLU,97.87194568511704,Utilities
2025-12-31,XLV,108.56847852054175,Healthcare
2025-12-31,XLY,99.95542858729185,Consumer Discretionary
2026-01-02,XLB,103.35095419772972,Materials
2026-01-02,XLC,100.71142490331401,Communication Services
2026-01-02,XLE,104.11383184303315,Energy
2026-01-02,XLF,103.3214264884821,Financials
2026-01-02,XLI,102.80224956630362,Industrials
2026-01-02,XLK,101.00563402022074,Technology
2026-01-02,XLP,100.47893539159556,Consumer Staples
2026-01-02,XLRE,97.40232449487026,Real Estate
2026-01-02,XLU,98.99531858763734,Utilities
2026-01-02,XLV,109.06642729877414,Healthcare
2026-01-02,XLY,99.06812588776538,Consumer Discretionary
2026-01-05,XLB,104.38177260037118,Materials
2026-01-05,XLC,101.44372315218162,Communication Services
2026-01-05,XLE,106.94189160173406,Energy
2026-01-05,XLF,105.57859443644013,Financials
2026-01-05,XLI,104.01912157380364,Industrials
2026-01-05,XLK,101.22961205011447,Technology
2026-01-05,XLP,100.03919385176496,Consumer Staples
2026-01-05,XLRE,97.52292352091862,Real Estate
2026-01-05,XLU,97.89487330259294,Utilities
2026-01-05,XLV,108.73679084146953,Healthcare
2026-01-05,XLY,100.70043178234755,Consumer Discretionary
2026-01-06,XLB,106.44341806384638,Materials
2026-01-06,XLC,101.0818786992649,Communication Services
2026-01-06,XLE,104.09102040164461,Energy
2026-01-06,XLF,106.0864505063853,Financials
2026-01-06,XLI,105.43120073719126,Industrials
2026-01-06,XLK,102.65055139649952,Technology
2026-01-06,XLP,100.1944002978612,Consumer Staples
2026-01-06,XLRE,98.17419407001076,Real Estate
2026-01-06,XLU,98.37630862858742,Utilities
2026-01-06,XLV,110.87591205288486,Healthcare
2026-01-06,XLY,101.3449757941757,Consumer Discretionary
2026-01-07,XLB,104.60587259210261,Materials
2026-01-07,XLC,100.87511517815237,Communication Services
2026-01-07,XLE,102.92787645089108,Energy
2026-01-07,XLF,104.60049050458116,Financials
2026-01-07,XLI,103.44648122187027,Industrials
2026-01-07,XLK,102.56656633479973,Technology
2026-01-07,XLP,99.095081649332,Consumer Staples
2026-01-07,XLRE,96.82339639951881,Real Estate
2026-01-07,XLU,95.99198819049136,Utilities
2026-01-07,XLV,111.97702241582081,Healthcare
2026-01-07,XLY,101.20267628970493,Consumer Discretionary
2026-01-08,XLB,106.44341806384638,Materials
2026-01-08,XLC,101.21110507086325,Communication Services
2026-01-08,XLE,106.16645342863684,Energy
2026-01-08,XLF,105.14596930870985,Financials
2026-01-08,XLI,104.22735988827232,Industrials
2026-01-08,XLK,100.96363612976256,Technology
2026-01-08,XLP,101.44893544992873,Consumer Staples
2026-01-08,XLRE,97.54704709543682,Real Estate
2026-01-08,XLU,96.2671106720024,Utilities
2026-01-08,XLV,110.89695244730015,Healthcare
2026-01-08,XLY,102.89356891578367,Consumer Discretionary
2026-01-09,XLB,108.14651046710514,Materials
2026-01-09,XLC,101.58155886681412,Communication Services
2026-01-09,XLE,106.44013748972998,Energy
2026-01-09,XLF,104.82619785737803,Financials
2026-01-09,XLI,105.37263058356872,Industrials
2026-01-09,XLK,102.30057969523124,Technology
2026-01-09,XLP,102.49652867386794,Consumer Staples
2026-01-09,XLRE,97.69176969600338,Real Estate
2026-01-09,XLU,97.45925749875049,Utilities
2026-01-09,XLV,110.32885096369232,Healthcare
2026-01-09,XLY,104.14081661819677,Consumer Discretionary
2026-01-12,XLB,108.72914620266836,Materials
2026-01-12,XLC,101.27141026875744,Communication Services
2026-01-12,XLE,105.68751075802128,Energy
2026-01-12,XLF,103.99857759917712,Financials
2026-01-12,XLI,106.17953153285158,Industrials
2026-01-12,XLK,102.74855719345184,Technology
2026-01-12,XLP,103.69932834390336,Consumer Staples
2026-01-12,XLRE,97.98122432040782,Real Estate
2026-01-12,XLU,97.61975974928187,Utilities
2026-01-12,XLV,110.37795244025779,Healthcare
2026-01-12,XLY,104.23288331800495,Consumer Discretionary
2026-01-13,XLB,109.19974492965434,Materials
2026-01-13,XLC,100.70280892750402,Communication Services
2026-01-13,XLE,107.19277309403354,Energy
2026-01-13,XLF,102.00474700127562,Financials
2026-01-13,XLI,106.72614960190413,Industrials
2026-01-13,XLK,102.53156809275123,Technology
2026-01-13,XLP,104.90211795649674,Consumer Staples
2026-01-13,XLRE,98.7289891675727,Real Estate
2026-01-13,XLU,98.23876078013183,Utilities
2026-01-13,XLV,109.92909430419621,Healthcare
2026-01-13,XLY,103.97339749834593,Consumer Discretionary
2026-01-14,XLB,109.24455973308524,Materials
2026-01-14,XLC,100.48742943058151,Communication Services
2026-01-14,XLE,109.6103156336896,Energy
2026-01-14,XLF,101.85428511684582,Financials
2026-01-14,XLI,106.89534448348121,Industrials
2026-01-14,XLK,101.28561995660861,Technology
2026-01-14,XLP,106.35066116618455,Consumer Staples
2026-01-14,XLRE,99.83858878596791,Real Estate
2026-01-14,XLU,98.97239097016141,Utilities
2026-01-14,XLV,110.71459875090264,Healthcare
2026-01-14,XLY,102.33272482473461,Consumer Discretionary
2026-01-15,XLB,109.71514980187891,Materials
2026-01-15,XLC,100.11697563463062,Communication Services
2026-01-15,XLE,108.58400484088774,Energy
2026-01-15,XLF,102.26808435133212,Financials
2026-01-15,XLI,107.87793587649104,Industrials
2026-01-15,XLK,101.81760395496214,Technology
2026-01-15,XLP,106.53172529585476,Consumer Staples
2026-01-15,XLRE,100.58634420986152,Real Estate
2026-01-15,XLU,99.98114364170205,Utilities
2026-01-15,XLV,110.0833977528382,Healthcare
2026-01-15,XLY,102.70941623787459,Consumer Discretionary
2026-01-16,XLB,109.08769060469248,Materials
2026-01-16,XLC,99.22099374370052,Communication Services
2026-01-16,XLE,108.76645200902166,Energy
2026-01-16,XLF,102.39975665789845,Financials
2026-01-16,XLI,108.60675996856108,Industrials
2026-01-16,XLK,101.92959832951729,Technology
2026-01-16,XLP,106.19546477753039,Consumer Staples
2026-01-16,XLRE,101.8165334310338,Real Estate
2026-01-16,XLU,99.47678069823166,Utilities
2026-01-16,XLV,109.22774060075635,Healthcare
2026-01-16,XLY,102.3745844242705,Consumer Discretionary
2026-01-20,XLB,107.98964133871239,Materials
2026-01-20,XLC,97.75641714429285,Communication Services
2026-01-20,XLE,108.56118452690437,Energy
2026-01-20,XLF,100.06735776772553,Financials
2026-01-20,XLI,106.4137921302011,Industrials
2026-01-20,XLK,99.28370979221872,Technology
2026-01-20,XLP,106.51879142534672,Consumer Staples
2026-01-20,XLRE,99.86270293721482,Real Estate
2026-01-20,XLU,98.490946715967,Utilities
2026-01-20,XLV,108.98928640884779,Healthcare
2026-01-20,XLY,99.71267632569108,Consumer Discretionary
2026-01-21,XLB,110.34261765725766,Materials
2026-01-21,XLC,98.7557774793913,Communication Services
2026-01-21,XLE,111.18399454867772,Energy
2026-01-21,XLF,100.556409733655,Financials
2026-01-21,XLI,108.25536907253681,Industrials
2026-01-21,XLK,100.66265124814558,Technology
2026-01-21,XLP,106.62225233196881,Consumer Staples
2026-01-21,XLRE,100.22451886190254,Real Estate
2026-01-21,XLU,98.62850349262254,Utilities
2026-01-21,XLV,110.9951337316418,Healthcare
2026-01-21,XLY,101.62121445018566,Consumer Discretionary
2026-01-22,XLB,110.97005953805947,Materials
2026-01-22,XLC,100.15143290509478,Communication Services
2026-01-22,XLE,111.54890663013524,Energy
2026-01-22,XLF,101.21474947725827,Financials
2026-01-22,XLI,107.69572985347354,Industrials
2026-01-22,XLK,101.4116243471997,Technology
2026-01-22,XLP,106.40238659077454,Consumer Staples
2026-01-22,XLRE,99.23554653936958,Real Estate
2026-01-22,XLU,97.91779199186891,Utilities
2026-01-22,XLV,111.01617412605708,Healthcare
2026-01-22,XLY,102.64244987515379,Consumer Discretionary
2026-01-23,XLB,111.97847919717778,Materials
2026-01-23,XLC,100.76312075817404,Communication Services
2026-01-23,XLE,112.18749390009104,Energy
2026-01-23,XLF,99.82283178476077,Financials
2026-01-23,XLI,106.86280662130983,Industrials
2026-01-23,XLK,101.5586062445868,Technology
2026-01-23,XLP,107.23013418840365,Consumer Staples
2026-01-23,XLRE,99.5008870125271,Real Estate
2026-01-23,XLU,97.57390451433004,Utilities
2026-01-23,XLV,110.44808347684392,Healthcare
2026-01-23,XLY,103.06935481466364,Consumer Discretionary
2026-01-26,XLB,112.11292360747048,Materials
2026-01-26,XLC,101.46094183824994,Communication Services
2026-01-26,XLE,112.2559282242566,Energy
2026-01-26,XLF,100.46236742434836,Financials
2026-01-26,XLI,106.96693578711451,Industrials
2026-01-26,XLK,102.25158215636337,Technology
2026-01-26,XLP,107.0619938717994,Consumer Staples
2026-01-26,XLRE,99.42851628897253,Real Estate
2026-01-26,XLU,98.28461601508366,Utilities
2026-01-26,XLV,110.88293274061971,Healthcare
2026-01-26,XLY,102.39132440842631,Consumer Discretionary
2026-01-27,XLB,112.00088659889322,Materials
2026-01-27,XLC,100.71142490331401,Communication Services
2026-01-27,XLE,113.2822301444636,Energy
2026-01-27,XLF,99.69117400434666,Financials
2026-01-27,XLI,107.40941468179201,Industrials
2026-01-27,XLK,103.63051289307367,Technology
2026-01-27,XLP,107.55347089366205,Consumer Staples
2026-01-27,XLRE,99.5008870125271,Real Estate
2026-01-27,XLU,99.56848223993538,Utilities
2026-01-27,XLV,109.02434650994353,Healthcare
2026-01-27,XLY,102.70104303274789,Consumer Discretionary
2026-01-28,XLB,111.93365573555457,Materials
2026-01-28,XLC,100.58219853171568,Communication Services
2026-01-28,XLE,114.1488963379252,Energy
2026-01-28,XLF,99.67236263725489,Financials
2026-01-28,XLI,106.81074203840748,Industrials
2026-01-28,XLK,104.45648212463448,Technology
2026-01-28,XLP,106.46706600075673,Consumer Staples
2026-01-28,XLRE,98.53601941796977,Real Estate
2026-01-28,XLU,99.33922392157612,Utilities
2026-01-28,XLV,108.22481152216203,Healthcare
2026-01-28,XLY,101.93093307450727,Consumer Discretionary
2026-01-29,XLB,112.04570140232413,Materials
2026-01-29,XLC,103.20120976525014,Communication Services
2026-01-29,XLE,115.19801857211556,Energy
2026-01-29,XLF,100.72569751132876,Financials
2026-01-29,XLI,107.92999045082303,Industrials
2026-01-29,XLK,102.80455438072941,Technology
2026-01-29,XLP,106.22132246110436,Consumer Staples
2026-01-29,XLRE,99.79032279038894,Real Estate
2026-01-29,XLU,99.33922392157612,Utilities
2026-01-29,XLV,107.88115535817697,Healthcare
2026-01-29,XLY,101.44543497740328,Consumer Discretionary
2026-01-30,XLB,110.40983120421168,Materials
2026-01-30,XLC,103.45105316541267,Communication Services
2026-01-30,XLE,116.42959684703469,Energy
2026-01-30,XLF,100.51878699947147,Financials
2026-01-30,XLI,107.65669642915228,Industrials
2026-01-30,XLK,100.71164878701346,Technology
2026-01-30,XLP,108.0061362465586,Consumer Staples
2026-01-30,XLRE,99.9350642374981,Real Estate
2026-01-30,XLU,99.15581190996875,Utilities
2026-01-30,XLV,108.52640856610579,Healthcare
2026-01-30,XLY,101.42868214105232,Consumer Discretionary
2026-02-02,XLB,111.26138173493723,Materials
2026-02-02,XLC,103.09782468830598,Communication Services
2026-02-02,XLE,114.1488963379252,Energy
2026-02-02,XLF,101.62855597482066,Financials
2026-02-02,XLI,109.01671100963755,Industrials
2026-02-02,XLK,101.67760026755164,Technology
2026-02-02,XLP,109.28652908220006,Consumer Staples
2026-02-02,XLRE,98.801350467856,Real Estate
2026-02-02,XLU,97.71145236278562,Utilities
2026-02-02,XLV,109.19268049966063,Healthcare
2026-02-02,XLY,102.0983521943581,Consumer Discretionary
2026-02-03,XLB,113.61434073709789,Materials
2026-02-03,XLC,101.43510054359577,Communication Services
2026-02-03,XLE,117.84362229008771,Energy
2026-02-03,XLF,100.68807477714523,Financials
2026-02-03,XLI,109.93424669544531,Industrials
2026-02-03,XLK,99.45170135405144,Technology
2026-02-03,XLP,111.05838888226216,Consumer Staples
2026-02-03,XLRE,98.43954396643959,Real Estate
2026-02-03,XLU,99.13288429249283,Utilities
2026-02-03,XLV,108.07755043004421,Healthcare
2026-02-03,XLY,101.27800943145486,Consumer Discretionary
2026-02-04,XLB,116.28102933785176,Materials
2026-02-04,XLC,100.6252784107657,Communication Services
2026-02-04,XLE,120.48924375324958,Energy
2026-02-04,XLF,101.49689093133046,Financials
2026-02-04,XLI,110.22707744641738,Industrials
2026-02-04,XLK,96.67982986459485,Technology
2026-02-04,XLP,112.50691197706581,Consumer Staples
2026-02-04,XLRE,100.00742553778139,Real Estate
2026-02-04,XLU,98.76606919747803,Utilities
2026-02-04,XLV,109.43114552596383,Healthcare
2026-02-04,XLY,100.53301266249673,Consumer Discretionary
2026-02-05,XLB,113.16615807001966,Materials
2026-02-05,XLC,100.11697563463062,Communication Services
2026-02-05,XLE,119.0752094376017,Energy
2026-02-05,XLF,100.23664554539928,Financials
2026-02-05,XLI,109.56333908726042,Industrials
2026-02-05,XLK,94.93689597214718,Technology
2026-02-05,XLP,112.41638494095174,Consumer Staples
2026-02-05,XLRE,99.45263044021942,Real Estate
2026-02-05,XLU,98.8119155042299,Utilities
2026-02-05,XLV,108.59652876829726,Healthcare
2026-02-05,XLY,98.36498871834311,Consumer Discretionary
2026-02-06,XLB,115.42947880712622,Materials
2026-02-06,XLC,99.72929651983559,Communication Services
2026-02-06,XLE,121.44712909448072,Energy
2026-02-06,XLF,102.06118110255093,Financials
2026-02-06,XLI,112.69333930644811,Industrials
2026-02-06,XLK,98.78673475513021,Technology
2026-02-06,XLP,113.73558944555937,Consumer Staples
2026-02-06,XLRE,101.28587133126135,Real Estate
2026-02-06,XLU,99.385070228328,Utilities
2026-02-06,XLV,110.60939677882612,Healthcare
2026-02-06,XLY,98.7667740424729,Consumer Discretionary
2026-02-09,XLB,116.93090459494596,Materials
2026-02-09,XLC,100.69419295169402,Communication Services
2026-02-09,XLE,122.33659785673598,Energy
2026-02-09,XLF,101.459275460223,Financials
2026-02-09,XLI,113.03170905246162,Industrials
2026-02-09,XLK,100.34065670208297,Technology
2026-02-09,XLP,113.07598216453452,Consumer Staples
2026-02-09,XLRE,101.91302772910657,Real Estate
2026-02-09,XLU,99.68311139911499,Utilities
2026-02-09,XLV,109.63453961677662,Healthcare
2026-02-09,XLY,98.39846226055717,Consumer Discretionary
2026-02-10,XLB,118.56675747667376,Materials
2026-02-10,XLC,101.29725819618743,Communication Services
2026-02-10,XLE,122.19976469878429,Energy
2026-02-10,XLF,100.72569751132876,Financials
2026-02-10,XLI,113.16838608900801,Industrials
2026-02-10,XLK,99.78069554852375,Technology
2026-02-10,XLP,112.71385390519413,Consumer Staples
2026-02-10,XLRE,103.33618669988181,Real Estate
2026-02-10,XLU,101.33380164718146,Utilities
2026-02-10,XLV,108.94019576667698,Healthcare
2026-02-10,XLY,99.051379477512,Consumer Discretionary
2026-02-11,XLB,120.15780421316296,Materials
2026-02-11,XLC,100.57358255590567,Communication Services
2026-02-11,XLE,125.3927365389427,Energy
2026-02-11,XLF,99.20212203841717,Financials
2026-02-11,XLI,113.77354428597208,Industrials
2026-02-11,XLK,100.07467006251447,Technology
2026-02-11,XLP,114.33051731660204,Consumer Staples
2026-02-11,XLRE,103.23970182508033,Real Estate
2026-02-11,XLU,102.22792515954247,Utilities
2026-02-11,XLV,109.58542730581651,Healthcare
2026-02-11,XLY,98.5742545855347,Consumer Discretionary
2026-02-12,XLB,118.38748960475785,Materials
2026-02-12,XLC,98.76438682242546,Communication Services
2026-02-12,XLE,123.1120360298332,Energy
2026-02-12,XLF,97.22710280760744,Financials
2026-02-12,XLI,112.41351969691647,Industrials
2026-02-12,XLK,97.44280226046838,Technology
2026-02-12,XLP,115.37812059798331,Consumer Staples
2026-02-12,XLRE,103.4085480001651,Real Estate
2026-02-12,XLU,103.74104970275344,Utilities
2026-02-12,XLV,109.41009429715385,Healthcare
2026-02-12,XLY,97.20981414183579,Consumer Discretionary
2026-02-13,XLB,119.4631314690225,Materials
2026-02-13,XLC,98.71270423311714,Communication Services
2026-02-13,XLE,123.95589078190629,Energy
2026-02-13,XLF,97.15186460231644,Financials
2026-02-13,XLI,113.33756095344442,Industrials
2026-02-13,XLK,97.68776851637467,Technology
2026-02-13,XLP,115.76611659833975,Consumer Staples
2026-02-13,XLRE,104.9282106922844,Real Estate
2026-02-13,XLU,106.60683225144383,Utilities
2026-02-13,XLV,110.58134653107061,Healthcare
2026-02-13,XLY,97.25167374137168,Consumer Discretionary
2026-02-17,XLB,118.09616740788007,Materials
2026-02-17,XLC,98.55762993408878,Communication Services
2026-02-17,XLE,122.58747047644061,Energy
2026-02-17,XLF,98.18640263545075,Financials
2026-02-17,XLI,113.92971801753842,Industrials
2026-02-17,XLK,97.63178204831365,Technology
2026-02-17,XLP,114.07184996388374,Consumer Staples
2026-02-17,XLRE,105.98954431510062,Real Estate
2026-02-17,XLU,106.33170976993279,Utilities
2026-02-17,XLV,110.37094258691758,Healthcare
2026-02-17,XLY,97.13447457398829,Consumer Discretionary
2026-02-18,XLB,118.81326487012063,Materials
2026-02-18,XLC,98.72131357615129,Communication Services
2026-02-18,XLE,124.93659643712081,Energy
2026-02-18,XLF,98.91996605819278,Financials
2026-02-18,XLI,113.90369573465759,Industrials
2026-02-18,XLK,98.63274249011688,Technology
2026-02-18,XLP,113.86490803575542,Consumer Staples
2026-02-18,XLRE,104.56637592105409,Real Estate
2026-02-18,XLU,104.56639036268669,Utilities
2026-02-18,XLV,110.58134653107061,Healthcare
2026-02-18,XLY,97.95481091079394,Consumer Discretionary
2026-02-19,XLB,118.38748960475785,Materials
2026-02-19,XLC,99.19515244904635,Communication Services
2026-02-19,XLE,125.8488766407646,Energy
2026-02-19,XLF,98.09235306306797,Financials
2026-02-19,XLI,114.7496501254024,Industrials
2026-02-19,XLK,98.14276710143808,Technology
2026-02-19,XLP,113.3863849992849,Consumer Staples
2026-02-19,XLRE,104.2045599963664,Real Estate
2026-02-19,XLU,105.71269981088287,Utilities
2026-02-19,XLV,110.29379086259658,Healthcare
2026-02-19,XLY,97.30188726774156,Consumer Discretionary
2026-02-20,XLB,118.6788031434433,Materials
2026-02-20,XLC,100.6252784107657,Communication Services
2026-02-20,XLE,125.16466648803176,Energy
2026-02-20,XLF,98.73188143957945,Financials
2026-02-20,XLI,115.32879604805595,Industrials
2026-02-20,XLK,98.61174354488779,Technology
2026-02-20,XLP,113.67092009301926,Consumer Staples
2026-02-20,XLRE,105.07293329285096,Real Estate
2026-02-20,XLU,106.21708061075317,Utilities
2026-02-20,XLV,109.9852056341019,Healthcare
2026-02-20,XLY,98.31474948758297,Consumer Discretionary
2026-02-23,XLB,118.6788031434433,Materials
2026-02-23,XLC,99.38468401853888,Communication Services
2026-02-23,XLE,125.7804511891939,Energy
2026-02-23,XLF,95.42137861754755,Financials
2026-02-23,XLI,113.76704872382221,Industrials
2026-02-23,XLK,96.95980508176618,Technology
2026-02-23,XLP,115.06771776323292,Consumer Staples
2026-02-23,XLRE,105.19354174217064,Real Estate
2026-02-23,XLU,107.0194936532105,Utilities
2026-02-23,XLV,111.1915179691144,Healthcare
2026-02-23,XLY,96.25553865349093,Consumer Discretionary
2026-02-24,XLB,119.57516847759975,Materials
2026-02-24,XLC,100.0739090211323,Communication Services
2026-02-24,XLE,125.66641172744097,Energy
2026-02-24,XLF,95.89161921638527,Financials
2026-02-24,XLI,115.16610673719907,Industrials
2026-02-24,XLK,98.21976323394476,Technology
2026-02-24,XLP,116.06358556258213,Consumer Staples
2026-02-24,XLRE,105.48298694330376,Real Estate
2026-02-24,XLU,108.21165833635851,Utilities
2026-02-24,XLV,110.72160860424285,Healthcare
2026-02-24,XLY,97.72042542822228,Consumer Discretionary
2026-02-25,XLB,118.90290313517472,Materials
2026-02-25,XLC,100.36681903479317,Communication Services
2026-02-25,XLE,125.14185504664323,Energy
2026-02-25,XLF,97.56567836295494,Financials
2026-02-25,XLI,114.2681077806926,Industrials
2026-02-25,XLK,100.10266865615324,Technology
2026-02-25,XLP,115.119453245265,Consumer Staples
2026-02-25,XLRE,104.78346924517523,Real Estate
2026-02-25,XLU,108.5784734313733,Utilities
2026-02-25,XLV,110.69356919088197,Healthcare
2026-02-25,XLY,98.01341049448564,Consumer Discretionary
2026-02-26,XLB,118.76845006668972,Materials
2026-02-26,XLC,100.5563572370615,Communication Services
2026-02-26,XLE,125.55238113828293,Energy
2026-02-26,XLF,98.75067828051904,Financials
2026-02-26,XLI,114.98391072275189,Industrials
2026-02-26,XLK,98.70273897421386,Technology
2026-02-26,XLP,114.9254552450868,Consumer Staples
2026-02-26,XLRE,105.24177946793571,Real Estate
2026-02-26,XLU,108.16580310140667,Utilities
2026-02-26,XLV,110.40601352240797,Healthcare
2026-02-26,XLY,97.97992410007645,Consumer Discretionary
2026-02-27,XLB,119.68721414436929,Materials
2026-02-27,XLC,101.7021758953783,Communication Services
2026-02-27,XLE,127.53658614491077,Energy
2026-02-27,XLF,96.73805810475405,Financials
2026-02-27,XLI,115.27022589443341,Industrials
2026-02-27,XLK,97.12779664359891,Technology
2026-02-27,XLP,116.4127799514145,Consumer Staples
2026-02-27,XLRE,105.74833683973259,Real Estate
2026-02-27,XLU,109.42674170878249,Utilities
2026-02-27,XLV,112.35574951529628,Healthcare
2026-02-27,XLY,97.82088461144987,Consumer Discretionary
2026-03-02,XLB,119.3286697423452,Materials
2026-03-02,XLC,101.54710159634996,Communication Services
2026-03-02,XLE,130.09097958770826,Energy
2026-03-02,XLF,96.4935248587132,Financials
2026-03-02,XLI,116.41551660687045,Industrials
2026-03-02,XLK,97.67376921955528,Technology
2026-03-02,XLP,114.7314471874665,Consumer Staples
2026-03-02,XLRE,105.94130658933554,Real Estate
2026-03-02,XLU,108.60140104884921,Utilities
2026-03-02,XLV,111.1844972813795,Healthcare
2026-03-02,XLY,96.6154900824751,Consumer Discretionary
2026-03-03,XLB,116.39307500462131,Materials
2026-03-03,XLC,101.6246321130883,Communication Services
2026-03-03,XLE,128.90500645037645,Energy
2026-03-03,XLF,96.32424434411554,Financials
2026-03-03,XLI,114.1639986320286,Industrials
2026-03-03,XLK,96.24584094397709,Technology
2026-03-03,XLP,113.47691203539898,Consumer Staples
2026-03-03,XLRE,105.41063506629177,Real Estate
2026-03-03,XLU,107.91361716557151,Utilities
2026-03-03,XLV,109.92909430419621,Healthcare
2026-03-03,XLY,95.72818738294863,Consumer Discretionary
2026-03-04,XLB,116.3482515429981,Materials
2026-03-04,XLC,102.33969177756003,Communication Services
2026-03-04,XLE,128.15237971866776,Energy
2026-03-04,XLF,96.86970862209205,Financials
2026-03-04,XLI,114.50887394876233,Industrials
2026-03-04,XLK,97.88378011027929,Technology
2026-03-04,XLP,112.7267978331442,Consumer Staples
2026-03-04,XLRE,105.55534824358703,Real Estate
2026-03-04,XLU,108.37214273048997,Utilities
2026-03-04,XLV,110.14651893608412,Healthcare
2026-03-04,XLY,97.42745321415407,Consumer Discretionary
2026-03-05,XLB,113.90566293397566,Materials
2026-03-05,XLC,102.03815915531334,Communication Services
2026-03-05,XLE,128.8137784300121,Energy
2026-03-05,XLF,96.36185981522299,Financials
2026-03-05,XLI,111.96452522294842,Industrials
2026-03-05,XLK,98.12175743699244,Technology
2026-03-05,XLP,110.46347106866155,Consumer Staples
2026-03-05,XLRE,104.54226176980718,Real Estate
2026-03-05,XLU,107.52388338128074,Utilities
2026-03-05,XLV,107.94428737581751,Healthcare
2026-03-05,XLY,97.56138593959571,Consumer Discretionary
2026-03-06,XLB,111.73197180373091,Materials
2026-03-06,XLC,101.19387975201907,Communication Services
2026-03-06,XLE,129.0190370395345,Energy
2026-03-06,XLF,95.12041853330749,Financials
2026-03-06,XLI,110.58497391316185,Industrials
2026-03-06,XLK,96.0988376081569,Technology
2026-03-06,XLP,110.94199410513205,Consumer Staples
2026-03-06,XLRE,103.45678572593017,Real Estate
2026-03-06,XLU,107.157059358066,Utilities
2026-03-06,XLV,107.09566174586517,Healthcare
2026-03-06,XLY,95.79515374566945,Consumer Discretionary
2026-03-09,XLB,112.02329400060866,Materials
2026-03-09,XLC,101.28002624456742,Communication Services
2026-03-09,XLE,128.44886634855456,Energy
2026-03-09,XLF,94.66898930156154,Financials
2026-03-09,XLI,111.2357111394487,Industrials
2026-03-09,XLK,97.82777220378517,Technology
2026-03-09,XLP,111.18772758734235,Consumer Staples
2026-03-09,XLRE,103.67387905005133,Real Estate
2026-03-09,XLU,107.40924529390117,Utilities
2026-03-09,XLV,108.18975142106628,Healthcare
2026-03-09,XLY,95.9207132659844,Consumer Discretionary
2026-03-10,XLB,111.77679526535411,Materials
2026-03-10,XLC,101.12495194553908,Communication Services
2026-03-10,XLE,126.80676198199575,Energy
2026-03-10,XLF,94.16112596854028,Financials
2026-03-10,XLI,110.63702848749384,Industrials
2026-03-10,XLK,97.82777220378517,Technology
2026-03-10,XLP,110.86439088208392,Consumer Staples
2026-03-10,XLRE,103.52915644948477,Real Estate
2026-03-10,XLU,106.74438902809938,Utilities
2026-03-10,XLV,107.41124599330543,Healthcare
2026-03-10,XLY,95.79515374566945,Consumer Discretionary
2026-03-11,XLB,111.6871570003,Materials
2026-03-11,XLC,100.79757139586236,Communication Services
2026-03-11,XLE,129.95412868456683,Energy
2026-03-11,XLF,93.37112844452292,Financials
2026-03-11,XLI,110.29215317076013,Industrials
2026-03-11,XLK,98.29674864723486,Technology
2026-03-11,XLP,109.40291380188812,Consumer Staples
2026-03-11,XLRE,102.29896722831249,Real Estate
2026-03-11,XLU,105.85025658753841,Utilities
2026-03-11,XLV,107.2008637179417,Healthcare
2026-03-11,XLY,95.54402185284442,Consumer Discretionary
2026-03-12,XLB,111.3286125982759,Materials
2026-03-12,XLC,99.30715350180054,Communication Services
2026-03-12,XLE,131.1629043906923,Energy
2026-03-12,XLF,91.84754570853522,Financials
2026-03-12,XLI,107.52655498903711,Industrials
2026-03-12,XLK,96.48381827069024,Technology
2026-03-12,XLP,108.96319237694168,Consumer Staples
2026-03-12,XLRE,101.64767783267776,Real Estate
2026-03-12,XLU,106.60683225144383,Utilities
2026-03-12,XLV,105.31423807390465,Healthcare
2026-03-12,XLY,93.3508847194083,Consumer Discretionary
2026-03-13,XLB,110.23055467410347,Materials
2026-03-13,XLC,98.60070981313879,Communication Services
2026-03-13,XLE,131.59623305112567,Energy
2026-03-13,XLF,91.96039938493367,Financials
2026-03-13,XLI,107.14261622227113,Industrials
2026-03-13,XLK,95.75586555529829,Technology
2026-03-13,XLP,109.5969218595084,Consumer Staples
2026-03-13,XLRE,101.91302772910657,Real Estate
2026-03-13,XLU,107.66142230153639,Utilities
2026-03-13,XLV,105.05472181879149,Healthcare
2026-03-13,XLY,92.79841383348592,Consumer Discretionary
2026-03-16,XLB,110.70115340108946,Materials
2026-03-16,XLC,99.3588427238847,Communication Services
2026-03-16,XLE,132.05238202554244,Energy
2026-03-16,XLF,92.73159280493535,Financials
2026-03-16,XLI,108.06014189950855,Industrials
2026-03-16,XLK,97.14180665963485,Technology
2026-03-16,XLP,109.90732469425879,Consumer Staples
2026-03-16,XLRE,102.70903030203658,Real Estate
2026-03-16,XLU,108.3492061848141,Utilities
2026-03-16,XLV,105.9103681364787,Healthcare
2026-03-16,XLY,93.9200955894865,Consumer Discretionary
2026-03-17,XLB,110.97005953805947,Materials
2026-03-17,XLC,99.39330662712472,Communication Services
2026-03-17,XLE,133.44359602720692,Energy
2026-03-17,XLF,93.22065203394094,Financials
2026-03-17,XLI,108.34646707976039,Industrials
2026-03-17,XLK,97.67376921955528,Technology
2026-03-17,XLP,109.54518637747633,Consumer Staples
2026-03-17,XLRE,103.04672265220609,Real Estate
2026-03-17,XLU,108.05117394222705,Utilities
2026-03-17,XLV,104.94953068110964,Healthcare
2026-03-17,XLY,94.74043835238972,Consumer Discretionary
2026-03-18,XLB,108.63950793761425,Materials
2026-03-18,XLC,97.92011405190705,Communication Services
2026-03-18,XLE,133.26113998647818,Energy
2026-03-18,XLF,92.11087579551564,Financials
2026-03-18,XLI,107.48750154757518,Industrials
2026-03-18,XLK,96.5678354900397,Technology
2026-03-18,XLP,106.8809297421292,Consumer Staples
2026-03-18,XLRE,101.35822320827333,Real Estate
2026-03-18,XLU,107.13413174059008,Utilities
2026-03-18,XLV,103.19616809129928,Healthcare
2026-03-18,XLY,92.55566799798271,Consumer Discretionary
2026-03-19,XLB,106.98123899597871,Materials
2026-03-19,XLC,97.47211647366616,Communication Services
2026-03-19,XLE,135.38219589624742,Energy
2026-03-19,XLF,92.14849852969918,Financials
2026-03-19,XLI,106.75868746407548,Industrials
2026-03-19,XLK,96.89679752686236,Technology
2026-03-19,XLP,106.01440064786019,Consumer Staples
2026-03-19,XLRE,101.11701573290529,Real Estate
2026-03-19,XLU,106.69853379314753,Utilities
2026-03-19,XLV,102.82444001076938,Healthcare
2026-03-19,XLY,91.82739836098526,Consumer Discretionary
2026-03-20,XLB,105.27814659271992,Materials
2026-03-20,XLC,96.68814226826606,Communication Services
2026-03-20,XLE,135.26815643449453,Energy
2026-03-20,XLF,92.31778630737294,Financials
2026-03-20,XLI,105.20343570199162,Industrials
2026-03-20,XLK,94.69890792621749,Technology
2026-03-20,XLP,105.1349276256411,Consumer Staples
2026-03-20,XLRE,97.90886302012453,Real Estate
2026-03-20,XLU,102.36548193619801,Utilities
2026-03-20,XLV,101.92672373864625,Healthcare
2026-03-20,XLY,90.1867321134715,Consumer Discretionary
2026-03-23,XLB,107.02932659610529,Materials
2026-03-23,XLC,97.41152606641107,Communication Services
2026-03-23,XLE,136.88654435498898,Energy
2026-03-23,XLF,93.15155112795208,Financials
2026-03-23,XLI,106.39957996032001,Industrials
2026-03-23,XLK,95.98003653109002,Technology
2026-03-23,XLP,105.58364040380228,Consumer Staples
2026-03-23,XLRE,98.63978848148318,Real Estate
2026-03-23,XLU,103.38127895750051,Utilities
2026-03-23,XLV,101.95138282087551,Healthcare
2026-03-23,XLY,92.3641510122646,Consumer Discretionary
2026-03-24,XLB,109.05511848519731,Materials
2026-03-24,XLC,96.04599007577549,Communication Services
2026-03-24,XLE,139.66422552006713,Energy
2026-03-24,XLF,93.17045691503311,Financials
2026-03-24,XLI,107.01952081567445,Industrials
2026-03-24,XLK,95.41936790923825,Technology
2026-03-24,XLP,105.49259038070034,Consumer Staples
2026-03-24,XLRE,97.83844291372826,Real Estate
2026-03-24,XLU,104.09696346562723,Utilities
2026-03-24,XLV,101.96545669952918,Healthcare
2026-03-24,XLY,91.99509380303137,Consumer Discretionary
2026-03-25,XLB,111.21596951623648,Materials
2026-03-25,XLC,96.31391442286493,Communication Services
2026-03-25,XLE,139.04441266083796,Energy
2026-03-25,XLF,93.28389163751933,Financials
2026-03-25,XLI,107.73733548037183,Industrials
2026-03-25,XLK,95.84688242305747,Technology
2026-03-25,XLP,106.01284174433863,Consumer Staples
2026-03-25,XLRE,97.78987537346781,Real Estate
2026-03-25,XLU,104.46634988222812,Utilities
2026-03-25,XLV,102.9865983955345,Healthcare
2026-03-25,XLY,92.87579690035899,Consumer Discretionary
2026-03-26,XLB,110.4956771810311,Materials
2026-03-26,XLC,94.04088204244924,Communication Services
2026-03-26,XLE,141.22523436959327,Energy
2026-03-26,XLF,92.73560928601711,Financials
2026-03-26,XLI,105.23803532965279,Industrials
2026-03-26,XLK,92.86130191316578,Technology
2026-03-26,XLP,105.53161325595003,Consumer Staples
2026-03-26,XLRE,97.83844291372826,Real Estate
2026-03-26,XLU,104.65104755462853,Utilities
2026-03-26,XLV,102.63448056932577,Healthcare
2026-03-26,XLY,91.2821504087255,Consumer Discretionary
2026-03-27,XLB,110.09052572976657,Materials
2026-03-27,XLC,92.51113842046014,Communication Services
2026-03-27,XLE,143.61265444969504,Energy
2026-03-27,XLF,90.39122632028379,Financials
2026-03-27,XLI,103.88723864244953,Industrials
2026-03-27,XLK,91.05313086877106,Technology
2026-03-27,XLP,106.36399733437555,Consumer Staples
2026-03-27,XLRE,97.15849735008187,Real Estate
2026-03-27,XLU,105.25128150918006,Utilities
2026-03-27,XLV,100.88797615133049,Healthcare
2026-03-27,XLY,88.64006039503535,Consumer Discretionary
2026-03-30,XLB,110.4956771810311,Materials
2026-03-30,XLC,93.30625568926348,Communication Services
2026-03-30,XLE,142.23529056860912,Energy
2026-03-30,XLF,91.43107366204515,Financials
2026-03-30,XLI,102.19711138648024,Industrials
2026-03-30,XLK,89.35710426796327,Technology
2026-03-30,XLP,106.49406017528513,Consumer Staples
2026-03-30,XLRE,97.64416332941514,Real Estate
2026-03-30,XLU,106.01313373925692,Utilities
2026-03-30,XLV,101.2823589510789,Healthcare
2026-03-30,XLY,88.6232882803917,Consumer Discretionary
2026-03-31,XLB,112.47646378646128,Materials
2026-03-31,XLC,95.8126357563394,Communication Services
2026-03-31,XLE,140.6283749132704,Energy
2026-03-31,XLF,93.34061626183853,Financials
2026-03-31,XLI,105.53821237125351,Industrials
2026-03-31,XLK,93.14164158369994,Technology
2026-03-31,XLP,106.62413307363676,Consumer Staples
2026-03-31,XLRE,99.14975707748926,Real Estate
2026-03-31,XLU,105.94387769223172,Utilities
2026-03-31,XLV,103.2471547525343,Healthcare
2026-03-31,XLY,91.40796697294304,Consumer Discretionary
2026-04-01,XLB,113.57937895652333,Materials
2026-04-01,XLC,96.14105101904642,Communication Services
2026-04-01,XLE,135.37145118387033,Energy
2026-04-01,XLF,93.47295677140579,Financials
2026-04-01,XLI,107.30010107655185,Industrials
2026-04-01,XLK,94.55032886556387,Technology
2026-04-01,XLP,105.94781032388383,Consumer Staples
2026-04-01,XLRE,99.44115289578069,Real Estate
2026-04-01,XLU,106.451776202883,Utilities
2026-04-01,XLV,104.03588784884718,Healthcare
2026-04-01,XLY,92.09574576918588,Consumer Discretionary
2026-04-02,XLB,113.46683977279173,Materials
2026-04-02,XLC,96.538612969836,Communication Services
2026-04-02,XLE,136.0142263186007,Energy
2026-04-02,XLF,93.64310885513511,Financials
2026-04-02,XLI,106.86943229487412,Industrials
2026-04-02,XLK,95.30724490408446,Technology
2026-04-02,XLP,106.50707450532974,Consumer Staples
2026-04-02,XLRE,101.04387230110443,Real Estate
2026-04-02,XLU,106.98277196680922,Utilities
2026-04-02,XLV,103.3880018830178,Healthcare
2026-04-02,XLY,90.71179569328082,Consumer Discretionary
2026-04-06,XLB,113.03917702150392,Materials
2026-04-06,XLC,96.59047464409188,Communication Services
2026-04-06,XLE,137.0013379873051,Energy
2026-04-06,XLF,94.30484045527575,Financials
2026-04-06,XLI,107.41758167518847,Industrials
2026-04-06,XLK,95.86090315830997,Technology
2026-04-06,XLP,107.5085543573566,Consumer Staples
2026-04-06,XLRE,101.40811942978654,Real Estate
2026-04-06,XLU,106.59029722513331,Utilities
2026-04-06,XLV,103.01475698723654,Healthcare
2026-04-06,XLY,91.45828974297152,Consumer Discretionary
2026-04-07,XLB,112.72405345394772,Materials
2026-04-07,XLC,96.64233631834776,Communication Services
2026-04-07,XLE,138.10321667054103,Energy
2026-04-07,XLF,94.30484045527575,Financials
2026-04-07,XLI,107.20223727577924,Industrials
2026-04-07,XLK,96.31644842341764,Technology
2026-04-07,XLP,105.68769469950676,Consumer Staples
2026-04-07,XLRE,101.31098434926564,Real Estate
2026-04-07,XLU,106.82116261948387,Utilities
2026-04-07,XLV,103.21899616083226,Healthcare
2026-04-07,XLY,90.39306125407607,Consumer Discretionary
2026-04-08,XLB,116.48302496459881,Materials
2026-04-08,XLC,98.36222172520623,Communication Services
2026-04-08,XLE,133.2594985564288,Energy
2026-04-08,XLF,96.80047698073345,Financials
2026-04-08,XLI,111.22198938951425,Industrials
2026-04-08,XLK,99.30202893330933,Technology
2026-04-08,XLP,107.66461568602918,Consumer Staples
2026-04-08,XLRE,103.05940637537074,Real Estate
2026-04-08,XLU,107.99857791631169,Utilities
2026-04-08,XLV,105.40210501453704,Healthcare
2026-04-08,XLY,92.95128426845048,Consumer Discretionary
2026-04-09,XLB,116.30295188079747,Materials
2026-04-09,XLC,98.75978367599579,Communication Services
2026-04-09,XLE,131.60667609527746,Energy
2026-04-09,XLF,97.04625947586301,Financials
2026-04-09,XLI,112.36396726516918,Industrials
2026-04-09,XLK,99.56834786859098,Technology
2026-04-09,XLP,108.53602263970441,Consumer Staples
2026-04-09,XLRE,103.76362628587606,Real Estate
2026-04-09,XLU,108.85278344668873,Utilities
2026-04-09,XLV,105.16266489271511,Healthcare
2026-04-09,XLY,94.56169644863003,Consumer Discretionary
2026-04-10,XLB,116.95570165774079,Materials
2026-04-10,XLC,98.48321682199301,Communication Services
2026-04-10,XLE,130.71138691079315,Energy
2026-04-10,XLF,95.98749908394453,Financials
2026-04-10,XLI,111.92675287848985,Industrials
2026-04-10,XLK,99.95380017665269,Technology
2026-04-10,XLP,107.13137010723044,Consumer Staples
2026-04-10,XLRE,103.9821707937768,Real Estate
2026-04-10,XLU,108.41413205486272,Utilities
2026-04-10,XLV,103.74011970922652,Healthcare
2026-04-10,XLY,94.68750658675,Consumer Discretionary
2026-04-13,XLB,117.47340960912157,Materials
2026-04-13,XLC,99.23513482178129,Communication Services
2026-04-13,XLE,131.1016391231747,Energy
2026-04-13,XLF,97.6701649756894,Financials
2026-04-13,XLI,112.71633900108664,Industrials
2026-04-13,XLK,102.0493212592078,Technology
2026-04-13,XLP,106.06486889219087,Consumer Staples
2026-04-13,XLRE,104.46785561965264,Real Estate
2026-04-13,XLU,107.09820466398452,Utilities
2026-04-13,XLV,104.20491523982203,Healthcare
2026-04-13,XLY,95.55143114333642,Consumer Discretionary
2026-04-14,XLB,117.0682494996647,Materials
2026-04-14,XLC,100.7389575558062,Communication Services
2026-04-14,XLE,128.43875159041264,Energy
2026-04-14,XLF,97.89703442066183,Financials
2026-04-14,XLI,113.12093545703186,Industrials
2026-04-14,XLK,103.68228670902901,Technology
2026-04-14,XLP,105.96081459648636,Consumer Staples
2026-04-14,XLRE,105.4634807717207,Real Estate
2026-04-14,XLU,107.28290233638494,Utilities
2026-04-14,XLV,104.81054706650639,Healthcare
2026-04-14,XLY,97.66510958038612,Consumer Discretionary
2026-04-15,XLB,115.65020210385416,Materials
2026-04-15,XLC,101.43037137442523,Communication Services
2026-04-15,XLE,128.00257482702878,Energy
2026-04-15,XLF,98.63438190605052,Financials
2026-04-15,XLI,111.70488289121975,Industrials
2026-04-15,XLK,105.33626182329586,Technology
2026-04-15,XLP,105.42756901768762,Consumer Staples
2026-04-15,XLRE,105.41490380818894,Real Estate
2026-04-15,XLU,106.24400806180742,Utilities
2026-04-15,XLV,104.0640572749439,Healthcare
2026-04-15,XLY,99.12454702438266,Consumer Discretionary
2026-04-16,XLB,116.48302496459881,Materials
2026-04-16,XLC,102.70083978901405,Communication Services
2026-04-16,XLE,129.88497568021748,Energy
2026-04-16,XLF,98.36969362383992,Financials
2026-04-16,XLI,111.1502079230445,Industrials
2026-04-16,XLK,106.54171275929785,Technology
2026-04-16,XLP,105.90878744863413,Consumer Staples
2026-04-16,XLRE,106.38625461339804,Real Estate
2026-04-16,XLU,107.00585136368433,Utilities
2026-04-16,XLV,103.2471547525343,Healthcare
2026-04-16,XLY,98.66322390631676,Consumer Discretionary
2026-04-17,XLB,116.77563723213176,Materials
2026-04-17,XLC,102.93419410845013,Communication Services
2026-04-17,XLE,126.30383668746994,Energy
2026-04-17,XLF,99.12595415938573,Financials
2026-04-17,XLI,113.2253348542357,Industrials
2026-04-17,XLK,108.1746674899025,Technology
2026-04-17,XLP,107.2484186180954,Consumer Staples
2026-04-17,XLRE,108.01324836558071,Real Estate
2026-04-17,XLU,106.56720890005826,Utilities
2026-04-17,XLV,104.78941999693387,Healthcare
2026-04-17,XLY,100.9949783903191,Consumer Discretionary
2026-04-20,XLB,117.56344615102225,Materials
2026-04-20,XLC,102.63170636648316,Communication Services
2026-04-20,XLE,126.41861257459635,Energy
2026-04-20,XLF,99.50407716408255,Financials
2026-04-20,XLI,113.4798327808102,Industrials
2026-04-20,XLK,108.32184233318756,Technology
2026-04-20,XLP,107.15737865243553,Consumer Staples
2026-04-20,XLRE,108.40178868766435,Real Estate
2026-04-20,XLU,105.62066792578095,Utilities
2026-04-20,XLV,103.8175747965978,Healthcare
2026-04-20,XLY,100.54205418177014,Consumer Discretionary
2026-04-21,XLB,116.528038906453,Materials
2026-04-21,XLC,101.25752123615838,Communication Services
2026-04-21,XLE,128.25509774937757,Energy
2026-04-21,XLF,98.88016440118007,Financials
2026-04-21,XLI,111.87454817560277,Industrials
2026-04-21,XLK,108.41294495467915,Technology
2026-04-21,XLP,106.44203302743287,Consumer Staples
2026-04-21,XLRE,106.31340330300736,Real Estate
2026-04-21,XLU,103.77375369917645,Utilities
2026-04-21,XLV,102.7612429867609,Healthcare
2026-04-21,XLY,99.78716764866006,Consumer Discretionary
2026-04-22,XLB,116.66308939020784,Materials
2026-04-22,XLC,101.87978836669487,Communication Services
2026-04-22,XLE,129.7931531959974,Energy
2026-04-22,XLF,98.71001231745076,Financials
2026-04-22,XLI,111.61351465259702,Industrials
2026-04-22,XLK,110.79579463696156,Technology
2026-04-22,XLP,106.79320873235396,Consumer Staples
2026-04-22,XLRE,105.53632265884008,Real Estate
2026-04-22,XLU,103.58905602677603,Utilities
2026-04-22,XLV,103.08518055247828,Healthcare
2026-04-22,XLY,99.75361699327522,Consumer Discretionary
2026-04-23,XLB,116.61807544835368,Materials
2026-04-23,XLC,101.45629889516525,Communication Services
2026-04-23,XLE,130.80320939501325,Energy
2026-04-23,XLF,97.93485325789999,Financials
2026-04-23,XLI,113.59077778301561,Industrials
2026-04-23,XLK,109.21891212815038,Technology
2026-04-23,XLP,108.57504551495411,Consumer Staples
2026-04-23,XLRE,106.75050174208016,Real Estate
2026-04-23,XLU,106.40561740913279,Utilities
2026-04-23,XLV,102.9865983955345,Healthcare
2026-04-23,XLY,98.75548981514945,Consumer Discretionary
2026-04-24,XLB,116.86566511584012,Materials
2026-04-24,XLC,99.85740858509361,Communication Services
2026-04-24,XLE,130.5506953452593,Energy
2026-04-24,XLF,97.21641155959234,Financials
2026-04-24,XLI,112.54668372527394,Industrials
2026-04-24,XLK,112.28859561112397,Technology
2026-04-24,XLP,108.24989847012225,Consumer Staples
2026-04-24,XLRE,106.43482215365849,Real Estate
2026-04-24,XLU,106.61338555020836,Utilities
2026-04-24,XLV,101.53587295155455,Healthcare
2026-04-24,XLY,99.55231948706376,Consumer Discretionary
2026-04-27,XLB,116.55054154828393,Materials
2026-04-27,XLC,100.09075627175386,Communication Services
2026-04-27,XLE,130.32114357100647,Energy
2026-04-27,XLF,97.95376630805713,Financials
2026-04-27,XLI,112.5727860767175,Industrials
2026-04-27,XLK,112.53389416274344,Technology
2026-04-27,XLP,107.09234723198074,Consumer Staples
2026-04-27,XLRE,105.60917396923075,Real Estate
2026-04-27,XLU,106.63646494708345,Utilities
2026-04-27,XLV,101.02884495060329,Healthcare
2026-04-27,XLY,98.83936966666033,Consumer Discretionary
2026-04-28,XLB,115.69521604570834,Materials
2026-04-28,XLC,100.0389012302738,Communication Services
2026-04-28,XLE,132.47899413166576,Energy
2026-04-28,XLF,98.02938219330517,Financials
2026-04-28,XLI,111.57437113400204,Industrials
2026-04-28,XLK,110.62761012923087,Technology
2026-04-28,XLP,108.0548042087579,Consumer Staples
2026-04-28,XLRE,106.62908289142902,Real Estate
2026-04-28,XLU,106.77499489753373,Utilities
2026-04-28,XLV,101.29643282973262,Healthcare
2026-04-28,XLY,98.14320481309566,Consumer Discretionary
2026-04-29,XLB,114.70482274299326,Materials
2026-04-29,XLC,99.64133264670838,Communication Services
2026-04-29,XLE,135.5091893464979,Energy
2026-04-29,XLF,98.16172996594852,Financials
2026-04-29,XLI,110.88918440860908,Industrials
2026-04-29,XLK,111.5106591889412,Technology
2026-04-29,XLP,107.846705674791,Consumer Staples
2026-04-29,XLRE,105.97343052118417,Real Estate
2026-04-29,XLU,105.45906750665553,Utilities
2026-04-29,XLV,100.5922080117098,Healthcare
2026-04-29,XLY,98.00060970813693,Consumer Discretionary
2026-04-30,XLB,115.85277782948641,Materials
2026-04-30,XLC,100.69574502123947,Communication Services
2026-04-30,XLE,136.9324689059913,Energy
2026-04-30,XLF,98.55876602080247,Financials
2026-04-30,XLI,113.92358276392073,Industrials
2026-04-30,XLK,111.78398849184912,Technology
2026-04-30,XLP,109.65455100259622,Consumer Staples
2026-04-30,XLRE,107.81898762781019,Real Estate
2026-04-30,XLU,108.16018726363707,Utilities
2026-04-30,XLV,102.81053948243013,Healthcare
2026-04-30,XLY,99.26713570324385,Consumer Discretionary
2026-05-01,XLB,115.5826682037844,Materials
2026-05-01,XLC,100.8772442991955,Communication Services
2026-05-01,XLE,135.0959748586152,Energy
2026-05-01,XLF,98.16172996594852,Financials
2026-05-01,XLI,112.86643753045733,Industrials
2026-05-01,XLK,113.44498469295876,Technology
2026-05-01,XLP,109.47247107127649,Consumer Staples
2026-05-01,XLRE,107.62470804349707,Real Estate
2026-05-01,XLU,107.4675910805854,Utilities
2026-05-01,XLV,102.2260347253183,Healthcare
2026-05-01,XLY,99.50198386484016,Consumer Discretionary
2026-05-04,XLB,114.00705902419574,Materials
2026-05-04,XLC,100.3413956050166,Communication Services
2026-05-04,XLE,136.33560944966842,Energy
2026-05-04,XLF,97.51891867904111,Financials
2026-05-04,XLI,111.57437113400204,Industrials
2026-05-04,XLK,113.57113915258161,Technology
2026-05-04,XLP,108.65308120801143,Consumer Staples
2026-05-04,XLRE,107.04190698364289,Real Estate
2026-05-04,XLU,107.05202801383442,Utilities
2026-05-04,XLV,101.92320256038414,Healthcare
2026-05-04,XLY,98.7387177005058,Consumer Discretionary
2026-05-05,XLB,115.98781965504897,Materials
2026-05-05,XLC,99.93518451453785,Communication Services
2026-05-05,XLE,136.47333873970112,Energy
2026-05-05,XLF,97.53782446612215,Financials
2026-05-05,XLI,112.50753019810864,Industrials
2026-05-05,XLK,116.08014329448689,Technology
2026-05-05,XLP,109.3293939003223,Consumer Staples
2026-05-05,XLRE,107.26046091481494,Real Estate
2026-05-05,XLU,107.05202801383442,Utilities
2026-05-05,XLV,102.32461688226209,Healthcare
2026-05-05,XLY,99.03228111554996,Consumer Discretionary
2026-05-06,XLB,117.96859760228679,Materials
2026-05-06,XLC,101.42172223473607,Communication Services
2026-05-06,XLE,130.84912507342074,Energy
2026-05-06,XLF,98.01047640622413,Financials
2026-05-06,XLI,115.41794238406347,Industrials
2026-05-06,XLK,119.16382607427988,Technology
2026-05-06,XLP,109.56350097949428,Consumer Staples
2026-05-06,XLRE,108.64462638896664,Real Estate
2026-05-06,XLU,105.5283235536807,Utilities
2026-05-06,XLV,102.39502961310917,Healthcare
2026-05-06,XLY,100.54205418177014,Consumer Discretionary
2026-05-07,XLB,115.69521604570834,Materials
2026-05-07,XLC,101.44765638825193,Communication Services
2026-05-07,XLE,128.43875159041264,Energy
2026-05-07,XLF,97.4621940547219,Financials
2026-05-07,XLI,113.54508865941906,Industrials
2026-05-07,XLK,118.92554860950322,Technology
2026-05-07,XLP,109.22534966205988,Consumer Staples
2026-05-07,XLRE,107.81898762781019,Real Estate
2026-05-07,XLU,104.16621951265242,Utilities
2026-05-07,XLV,101.91616020385996,Healthcare
2026-05-07,XLY,100.5504338129944,Consumer Discretionary
2026-05-08,XLB,116.12287879699612,Materials
2026-05-08,XLC,101.06737945128903,Communication Services
2026-05-08,XLE,127.86484553699606,Energy
2026-05-08,XLF,96.87610012905759,Financials
2026-05-08,XLI,113.02305163911859,Industrials
2026-05-08,XLK,123.01144597943625,Technology
2026-05-08,XLP,109.48547534387902,Consumer Staples
2026-05-08,XLRE,107.84326197466912,Real Estate
2026-05-08,XLU,103.2427579352502,Utilities
2026-05-08,XLV,101.04996118578116,Healthcare
2026-05-08,XLY,100.8188390560731,Consumer Discretionary
2026-05-11,XLB,117.63096273470737,Materials
2026-05-11,XLC,99.89197861274698,Communication Services
2026-05-11,XLE,131.23937728580225,Energy
2026-05-11,XLF,96.76265814349529,Financials
2026-05-11,XLI,114.22374979695114,Industrials
2026-05-11,XLK,124.66544253213621,Technology
2026-05-11,XLP,108.43197840144198,Consumer Staples
2026-05-11,XLRE,108.23180229675276,Real Estate
2026-05-11,XLU,104.2123961628025,Utilities
2026-05-11,XLV,100.73305514219331,Healthcare
2026-05-11,XLY,100.12267420250845,Consumer Discretionary
2026-05-12,XLB,117.36086176719766,Materials
2026-05-12,XLC,100.13396880632055,Communication Services
2026-05-12,XLE,132.15761100059802,Energy
2026-05-12,XLF,97.51891867904111,Financials
2026-05-12,XLI,113.77349424312038,Industrials
2026-05-12,XLK,122.78716781147901,Technology
2026-05-12,XLP,109.8236367187555,Consumer Staples
2026-05-12,XLRE,108.256086066883,Real Estate
2026-05-12,XLU,104.3278288599778,Utilities
2026-05-12,XLV,102.7119464910917,Healthcare
2026-05-12,XLY,99.21681293321537,Consumer Discretionary
2026-05-13,XLB,117.18079734158864,Materials
2026-05-13,XLC,100.91181432684886,Communication Services
2026-05-13,XLE,132.29534916322558,Energy
2026-05-13,XLF,96.40344092587951,Financials
2026-05-13,XLI,113.29711632070543,Industrials
2026-05-13,XLK,123.94356761253033,Technology
2026-05-13,XLP,110.18780663883705,Consumer Staples
2026-05-13,XLRE,107.35759599533586,Real Estate
2026-05-13,XLU,103.1273252380749,Utilities
2026-05-13,XLV,103.31757831777604,Healthcare
2026-05-13,XLY,99.57747765902921,Consumer Discretionary
2026-05-14,XLB,116.30295188079747,Materials
2026-05-14,XLC,101.21430870159168,Communication Services
2026-05-14,XLE,133.30542310743115,Energy
2026-05-14,XLF,96.97063632753887,Financials
2026-05-14,XLI,113.87789364032422,Industrials
2026-05-14,XLK,125.8007897918757,Technology
2026-05-14,XLP,110.52596801371352,Consumer Staples
2026-05-14,XLRE,106.62908289142902,Real Estate
2026-05-14,XLU,103.65832100200116,Utilities
2026-05-14,XLV,103.26123946558266,Healthcare
2026-05-14,XLY,99.53553452022499,Consumer Discretionary
2026-05-15,XLB,113.21924144711295,Materials
2026-05-15,XLC,100.32411059118994,Communication Services
2026-05-15,XLE,136.45038533679482,Energy
2026-05-15,XLF,96.61141184684699,Financials
2026-05-15,XLI,111.8484358155889,Industrials
2026-05-15,XLK,123.53006311474708,Technology
2026-05-15,XLP,110.08375234313257,Consumer Staples
2026-05-15,XLRE,104.97780536911614,Real Estate
2026-05-15,XLU,101.28040208327047,Utilities
2026-05-15,XLV,102.18378058617326,Healthcare
2026-05-15,XLY,97.74059694847762,Consumer Discretionary
2026-05-18,XLB,113.03917702150392,Materials
2026-05-18,XLC,101.10195611171824,Communication Services
2026-05-18,XLE,139.0673660637443,Energy
2026-05-18,XLF,97.82141853541377,Financials
2026-05-18,XLI,111.42428261320167,Industrials
2026-05-18,XLK,122.19847915755533,Technology
2026-05-18,XLP,111.7225220122206,Consumer Staples
2026-05-18,XLRE,106.24055199261669,Real Estate
2026-05-18,XLU,101.44201143059584,Utilities
2026-05-18,XLV,102.62038502188278,Healthcare
2026-05-18,XLY,97.56445118813403,Consumer Discretionary
2026-05-19,XLB,110.38313799729951,Materials
2026-05-19,XLC,100.12532629940722,Communication Services
2026-05-19,XLE,140.69725286717903,Energy
2026-05-19,XLF,96.61141184684699,Financials
2026-05-19,XLI,110.11263945316374,Industrials
2026-05-19,XLK,121.4135323677463,Technology
2026-05-19,XLP,111.9696434214372,Consumer Staples
2026-05-19,XLRE,106.70193420181971,Real Estate
2026-05-19,XLU,102.36547300799805,Utilities
2026-05-19,XLV,103.7471620657507,Healthcare
2026-05-19,XLY,96.48245701069251,Consumer Discretionary
2026-05-20,XLB,111.91374189322632,Materials
2026-05-20,XLC,100.3413956050166,Communication Services
2026-05-20,XLE,137.2767965673705,Energy
2026-05-20,XLF,97.6701649756894,Financials
2026-05-20,XLI,111.41122142890958,Industrials
2026-05-20,XLK,124.14680395839228,Technology
2026-05-20,XLP,111.22827919378739,Consumer Staples
2026-05-20,XLRE,107.89183893820086,Real Estate
2026-05-20,XLU,102.75794774967399,Utilities
2026-05-20,XLV,103.61336812618602,Healthcare
2026-05-20,XLY,98.9232495181712,Consumer Discretionary
2026-05-21,XLB,112.58900297019288,Materials
2026-05-21,XLC,100.3413956050166,Communication Services
2026-05-21,XLE,135.73874999334555,Energy
2026-05-21,XLF,97.80251274833273,Financials
2026-05-21,XLI,111.28071968026221,Industrials
2026-05-21,XLK,125.17003893219452,Technology
2026-05-21,XLP,110.10977094577972,Consumer Staples
2026-05-21,XLRE,108.06181590584116,Real Estate
2026-05-21,XLU,103.88918639635172,Utilities
2026-05-21,XLV,104.33166682286253,Healthcare
2026-05-21,XLY,99.56069911828801,Consumer Discretionary
2026-05-22,XLB,113.19673880528202,Materials
2026-05-22,XLC,99.78826189701103,Communication Services
2026-05-22,XLE,136.56517009651608,Energy
2026-05-22,XLF,98.19954154011059,Financials
2026-05-22,XLI,112.08989257501199,Industrials
2026-05-22,XLK,126.42454100314717,Technology
2026-05-22,XLP,110.29186093454153,Consumer Staples
2026-05-22,XLRE,108.20751852662254,Real Estate
2026-05-22,XLU,104.69719742017878,Utilities
2026-05-22,XLV,105.55702602367423,Healthcare
2026-05-22,XLY,99.96330698290606,Consumer Discretionary
2026-05-26,XLB,114.772356643063,Materials
2026-05-26,XLC,99.86605109200694,Communication Services
2026-05-26,XLE,132.8003772627335,Energy
2026-05-26,XLF,98.02938219330517,Financials
2026-05-26,XLI,113.74086630381596,Industrials
2026-05-26,XLK,129.75353305377618,Technology
2026-05-26,XLP,108.77012971887639,Consumer Staples
2026-05-26,XLRE,108.57176565530465,Real Estate
2026-05-26,XLU,104.65104755462853,Utilities
2026-05-26,XLV,104.5851916577328,Healthcare
2026-05-26,XLY,100.18976908718057,Consumer Discretionary
2026-05-27,XLB,115.20001939435079,Materials
2026-05-27,XLC,100.47968234840592,Communication Services
2026-05-27,XLE,130.8261716705144,Energy
2026-05-27,XLF,97.21641155959234,Financials
2026-05-27,XLI,113.74086630381596,Industrials
2026-05-27,XLK,129.255925582911,Technology
2026-05-27,XLP,110.00571665007524,Consumer Staples
2026-05-27,XLRE,108.37750491753413,Real Estate
2026-05-27,XLU,104.2123961628025,Utilities
2026-05-27,XLV,104.78237764040969,Healthcare
2026-05-27,XLY,101.95116885573823,Consumer Discretionary
2026-05-28,XLB,115.60517950380766,Materials
2026-05-28,XLC,100.83402513185295,Communication Services
2026-05-28,XLE,130.7343491862943,Energy
2026-05-28,XLF,96.9328174903007,Financials
2026-05-28,XLI,113.41458691077169,Industrials
2026-05-28,XLK,130.95196290293535,Technology
2026-05-28,XLP,109.81063244615297,Consumer Staples
2026-05-28,XLRE,107.84326197466912,Real Estate
2026-05-28,XLU,103.03498086597469,Utilities
2026-05-28,XLV,106.25423015396215,Healthcare
2026-05-28,XLY,102.37892846622418,Consumer Discretionary
2026-05-29,XLB,115.13249415247337,Materials
2026-05-29,XLC,99.98704618879374,Communication Services
2026-05-29,XLE,129.2192560151757,Energy
2026-05-29,XLF,97.51891867904111,Financials
2026-05-29,XLI,112.97737252409239,Industrials
2026-05-29,XLK,133.8744715426239,Technology
2026-05-29,XLP,107.83370140218847,Consumer Staples
2026-05-29,XLRE,106.82335305247084,Real Estate
2026-05-29,XLU,102.55016175219853,Utilities
2026-05-29,XLV,105.26125788405356,Healthcare
2026-05-29,XLY,101.38081414029354,Consumer Discretionary
2026-06-01,XLB,114.61478620109258,Materials
2026-06-01,XLC,99.917906133487,Communication Services
2026-06-01,XLE,131.5378070139637,Energy
2026-06-01,XLF,97.23532460974947,Financials
2026-06-01,XLI,112.50100461024775,Industrials
2026-06-01,XLK,137.19645322562664,Technology
2026-06-01,XLP,106.68916449409156,Consumer Staples
2026-06-01,XLRE,105.07494044963704,Real Estate
2026-06-01,XLU,99.50274390369115,Utilities
2026-06-01,XLV,104.1133537706131,Healthcare
2026-06-01,XLY,99.13293950780205,Consumer Discretionary
2026-06-02,XLB,115.96531701321804,Materials
2026-06-02,XLC,98.15480155928601,Communication Services
2026-06-02,XLE,133.05290018508234,Energy
2026-06-02,XLF,97.29203470791649,Financials
2026-06-02,XLI,113.66908483734622,Industrials
2026-06-02,XLK,138.91352164852975,Technology
2026-06-02,XLP,106.42903881227241,Consumer Staples
2026-06-02,XLRE,105.60917396923075,Real Estate
2026-06-02,XLU,101.3496670584956,Utilities
2026-06-02,XLV,103.09926526552664,Healthcare
2026-06-02,XLY,98.62967967702949,Consumer Discretionary
2026-06-03,XLB,116.2129239970891,Materials
2026-06-03,XLC,96.8670481308705,Communication Services
2026-06-03,XLE,134.77459172754746,Energy
2026-06-03,XLF,96.17656421783099,Financials
2026-06-03,XLI,113.57772660729381,Industrials
2026-06-03,XLK,137.52584403111146,Technology
2026-06-03,XLP,106.85824015280876,Consumer Staples
2026-06-03,XLRE,105.65774150949122,Real Estate
2026-06-03,XLU,100.91102459486953,Utilities
2026-06-03,XLV,103.90913626580671,Healthcare
2026-06-03,XLY,97.90835022540179,Consumer Discretionary
2026-06-04,XLB,116.19040403887355,Materials
2026-06-04,XLC,97.75723297572058,Communication Services
2026-06-04,XLE,134.8664230843624,Energy
2026-06-04,XLF,98.67220074328868,Financials
2026-06-04,XLI,114.95462564594061,Industrials
2026-06-04,XLK,135.38128253282224,Technology
2026-06-04,XLP,106.70215870925202,Consumer Staples
2026-06-04,XLRE,107.81898762781019,Real Estate
2026-06-04,XLU,101.44201143059584,Utilities
2026-06-04,XLV,107.0992912680738,Healthcare
2026-06-04,XLY,98.35289480272652,Consumer Discretionary
2026-06-05,XLB,113.96203642414926,Materials
2026-06-05,XLC,96.5126920818718,Communication Services
2026-06-05,XLE,132.38717164744565,Energy
2026-06-05,XLF,98.88016440118007,Financials
2026-06-05,XLI,113.66254924091498,Industrials
2026-06-05,XLK,126.36146913294401,Technology
2026-06-05,XLP,108.52302842454394,Consumer Staples
2026-06-05,XLRE,108.54749130844571,Real Estate
2026-06-05,XLU,102.3885613330731,Utilities
2026-06-05,XLV,107.75423042482204,Healthcare
2026-06-05,XLY,96.33986833183134,Consumer Discretionary
2026-06-08,XLB,112.45394382824571,Materials
2026-06-08,XLC,96.01141341534628,Communication Services
2026-06-08,XLE,133.90227369115917,Energy
2026-06-08,XLF,98.2562589013537,Financials
2026-06-08,XLI,113.30365191713665,Industrials
2026-06-08,XLK,129.08070926912094,Technology
2026-06-08,XLP,108.04178987871329,Consumer Staples
2026-06-08,XLRE,106.92048813299175,Real Estate
2026-06-08,XLU,100.47238213124348,Utilities
2026-06-08,XLV,107.5006947555571,Healthcare
2026-06-08,XLY,96.78440648305849,Consumer Discretionary
2026-06-09,XLB,114.27715999170545,Materials
2026-06-09,XLC,96.3484844505183,Communication Services
2026-06-09,XLE,131.7444053853102,Energy
2026-06-09,XLF,99.18267152062884,Financials
2026-06-09,XLI,114.58919272573105,Industrials
2026-06-09,XLK,126.69085993842882,Technology
2026-06-09,XLP,109.38142104817454,Consumer Staples
2026-06-09,XLRE,109.20314367869057,Real Estate
2026-06-09,XLU,101.53435580269607,Utilities
2026-06-09,XLV,108.85283804259325,Healthcare
2026-06-09,XLY,97.18701434767655,Consumer Discretionary
2026-06-10,XLB,111.64362360933198,Materials
2026-06-10,XLC,95.94227336003954,Communication Services
2026-06-10,XLE,133.718628722719,Energy
2026-06-10,XLF,98.74782389161282,Financials
2026-06-10,XLI,110.71299353636519,Industrials
2026-06-10,XLK,123.78938240161904,Technology
2026-06-10,XLP,111.18927643342185,Consumer Staples
2026-06-10,XLRE,109.25171121895103,Real Estate
2026-06-10,XLU,101.58053245284616,Utilities
2026-06-10,XLV,107.6415635548299,Healthcare
2026-06-10,XLY,95.19076641752258,Consumer Discretionary
2026-06-11,XLB,115.29005593625146,Materials
2026-06-11,XLC,96.90161152574804,Communication Services
2026-06-11,XLE,131.12460139867585,Energy
2026-06-11,XLF,99.4851786400776,Financials
2026-06-11,XLI,114.29553126342087,Industrials
2026-06-11,XLK,128.40090727448913,Technology
2026-06-11,XLP,110.90313214895555,Consumer Staples
2026-06-11,XLRE,109.08171540476815,Real Estate
2026-06-11,XLU,101.69596515002144,Utilities
2026-06-11,XLV,108.51479409503824,Healthcare
2026-06-11,XLY,97.54767907349039,Consumer Discretionary
2026-06-12,XLB,117.45090696729066,Materials
2026-06-12,XLC,96.49540706804511,Communication Services
2026-06-12,XLE,132.1117041947854,Energy
2026-06-12,XLF,100.84643162529268,Financials
2026-06-12,XLI,114.96766681309205,Industrials
2026-06-12,XLK,129.51524486978298,Technology
2026-06-12,XLP,111.61846771651611,Consumer Staples
2026-06-12,XLRE,110.15021071376945,Real Estate
2026-06-12,XLU,102.80411547162413,Utilities
2026-06-12,XLV,108.31760811236133,Healthcare
2026-06-12,XLY,97.7993057758279,Consumer Discretionary
2026-06-15,XLB,118.17118198611138,Materials
2026-06-15,XLC,96.96210907414144,Communication Services
2026-06-15,XLE,127.52050900302201,Energy
2026-06-15,XLF,101.26237346722766,Financials
2026-06-15,XLI,116.59905376974302,Industrials
2026-06-15,XLK,134.4141090615969,Technology
2026-06-15,XLP,111.17627216081931,Consumer Staples
2026-06-15,XLRE,109.25171121895103,Real Estate
2026-06-15,XLU,103.2889345854003,Utilities
2026-06-15,XLV,107.66972214653194,Healthcare
2026-06-15,XLY,99.45166109481167,Consumer Discretionary
2026-06-16,XLB,118.66637863746894,Materials
2026-06-16,XLC,97.07446166401489,Communication Services
2026-06-16,XLE,127.084341112233,Energy
2026-06-16,XLF,102.75597422508606,Financials
2026-06-16,XLI,117.36255755803695,Industrials
2026-06-16,XLK,130.6646235839915,Technology
2026-06-16,XLP,111.31932921688934,Consumer Staples
2026-06-16,XLRE,109.51883269038353,Real Estate
2026-06-16,XLU,104.02770741860206,Utilities
2026-06-16,XLV,107.70493392915282,Healthcare
2026-06-16,XLY,99.35940161207654,Consumer Discretionary
2026-06-17,XLB,117.09076079968797,Materials
2026-06-17,XLC,94.37795307762126,Communication Services
2026-06-17,XLE,125.50036998720573,Energy
2026-06-17,XLF,102.1887788234267,Financials
2026-06-17,XLI,117.19941786151482,Industrials
2026-06-17,XLK,130.2160886865101,Technology
2026-06-17,XLP,108.83516113933118,Consumer Staples
2026-06-17,XLRE,106.7747949354817,Real Estate
2026-06-17,XLU,102.64251505249871,Utilities
2026-06-17,XLV,106.13449925865655,Healthcare
2026-06-17,XLY,96.8682799084718,Consumer Discretionary
2026-06-18,XLB,116.61807544835368,Materials
2026-06-18,XLC,94.5940157504548,Communication Services
2026-06-18,XLE,123.43434191076655,Energy
2026-06-18,XLF,101.2812719912326,Financials
2026-06-18,XLI,118.05427987986113,Industrials
2026-06-18,XLK,134.168821229194,Technology
2026-06-18,XLP,108.34093843578212,Consumer Staples
2026-06-18,XLRE,106.50767346404919,Real Estate
2026-06-18,XLU,103.33510230735044,Utilities
2026-06-18,XLV,105.21195055398968,Healthcare
2026-06-18,XLY,98.26901495121564,Consumer Discretionary
2026-06-22,XLB,116.62485481293758,Materials
2026-06-22,XLC,92.59583233510057,Communication Services
2026-06-22,XLE,124.99504909206738,Energy
2026-06-22,XLF,101.8827055336142,Financials
2026-06-22,XLI,118.92692712769946,Industrials
2026-06-22,XLK,134.82699184482004,Technology
2026-06-22,XLP,107.62587441915758,Consumer Staples
2026-06-22,XLRE,107.83292464605722,Real Estate
2026-06-22,XLU,103.9020162196823,Utilities
2026-06-22,XLV,106.14280923935506,Healthcare
2026-06-22,XLY,96.59907782929508,Consumer Discretionary
2026-06-23,XLB,114.93037731103387,Materials
2026-06-23,XLC,92.95110370716453,Communication Services
2026-06-23,XLE,125.9199017626297,Energy
2026-06-23,XLF,102.22421537170499,Financials
2026-06-23,XLI,116.5392225362578,Industrials
2026-06-23,XLK,129.24165830567776,Technology
2026-06-23,XLP,109.64271339327433,Consumer Staples
2026-06-23,XLRE,109.35169212740338,Real Estate
2026-06-23,XLU,104.71520559948131,Utilities
2026-06-23,XLV,107.64235446563953,Healthcare
2026-06-23,XLY,95.60737032263637,Consumer Discretionary
2026-06-24,XLB,115.58557735640281,Materials
2026-06-24,XLC,92.31854914130757,Communication Services
2026-06-24,XLE,123.86208970903212,Energy
2026-06-24,XLF,101.92065510622213,Financials
2026-06-24,XLI,117.88681648095265,Industrials
2026-06-24,XLK,128.44174748955948,Technology
2026-06-24,XLP,110.58565893242667,Consumer Staples
2026-06-24,XLRE,109.03324209722065,Real Estate
2026-06-24,XLU,105.80719587917145,Utilities
2026-06-24,XLV,108.46995053557123,Healthcare
2026-06-24,XLY,96.70832791399106,Consumer Discretionary
2026-06-25,XLB,117.12189565925857,Materials
2026-06-25,XLC,91.48669292715276,Communication Services
2026-06-25,XLE,125.06440616609854,Energy
2026-06-25,XLF,101.40839034908595,Financials
2026-06-25,XLI,120.44458669959086,Industrials
2026-06-25,XLK,129.50829881745602,Technology
2026-06-25,XLP,109.93083899382935,Consumer Staples
2026-06-25,XLRE,109.22921787036708,Real Estate
2026-06-25,XLU,106.52744269747348,Utilities
2026-06-25,XLV,110.08267184839649,Healthcare
2026-06-25,XLY,95.26279011902675,Consumer Discretionary
2026-06-26,XLB,116.57966770723709,Materials
2026-06-26,XLC,92.00660306099951,Communication Services
2026-06-26,XLE,124.48637435607144,Energy
2026-06-26,XLF,101.63606599550516,Financials
2026-06-26,XLI,118.53443103329381,Industrials
2026-06-26,XLK,127.08049274094655,Technology
2026-06-26,XLP,110.93924842344566,Consumer Staples
2026-06-26,XLRE,110.82147744455206,Real Estate
2026-06-26,XLU,107.34063207727249,Utilities
2026-06-26,XLV,113.41422653527435,Healthcare
2026-06-26,XLY,96.12003153414597,Consumer Discretionary
2026-06-29,XLB,114.45592568846699,Materials
2026-06-29,XLC,93.47967624625215,Communication Services
2026-06-29,XLE,123.8852116912408,Energy
2026-06-29,XLF,101.92065510622213,Financials
2026-06-29,XLI,119.5549248821766,Industrials
2026-06-29,XLK,130.09769493967224,Technology
2026-06-29,XLP,110.49398534791608,Consumer Staples
2026-06-29,XLRE,110.03758377523765,Real Estate
2026-06-29,XLU,106.92242626333584,Utilities
2026-06-29,XLV,113.69716675162638,Healthcare
2026-06-29,XLY,98.431216079844,Consumer Discretionary
2026-06-30,XLB,114.84001175782517,Materials
2026-06-30,XLC,92.82979023713766,Communication Services
2026-06-30,XLE,122.7984962726229,Energy
2026-06-30,XLF,101.7119578776449,Financials
2026-06-30,XLI,121.17070847766942,Industrials
2026-06-30,XLK,133.6832621577354,Technology
2026-06-30,XLP,108.79145149607467,Consumer Staples
2026-06-30,XLRE,107.85741572815597,Real Estate
2026-06-30,XLU,105.34251878448629,Utilities
2026-06-30,XLV,112.22589929538513,Healthcare
2026-06-30,XLY,98.5656821713835,Consumer Discretionary
2026-07-01,XLB,115.26927627469155,Materials
2026-07-01,XLC,95.0913943447892,Communication Services
2026-07-01,XLE,122.10485455155245,Energy
2026-07-01,XLF,103.9317427729306,Financials
2026-07-01,XLI,119.94742097658224,Industrials
2026-07-01,XLK,130.24504129042217,Technology
2026-07-01,XLP,109.0926718862109,Consumer Staples
2026-07-01,XLRE,108.22486676907879,Real Estate
2026-07-01,XLU,104.01818995745356,Utilities
2026-07-01,XLV,112.8483461025703,Healthcare
2026-07-01,XLY,99.24643081689067,Consumer Discretionary
2026-07-02,XLB,117.50597307042443,Materials
2026-07-02,XLC,94.97008087476232,Communication Services
2026-07-02,XLE,123.05283807691829,Energy
2026-07-02,XLF,105.52543598248465,Financials
2026-07-02,XLI,120.30721907169108,Industrials
2026-07-02,XLK,126.71562132866833,Technology
2026-07-02,XLP,111.30595281893004,Consumer Staples
2026-07-02,XLRE,109.44968472561226,Real Estate
2026-07-02,XLU,106.31833532640518,Utilities
2026-07-02,XLV,115.81916961949064,Healthcare
2026-07-02,XLY,98.431216079844,Consumer Discretionary
2026-07-06,XLB,117.43819674096983,Materials
2026-07-06,XLC,95.49866004662576,Communication Services
2026-07-06,XLE,122.84474023704024,Energy
2026-07-06,XLF,106.51201592414907,Financials
2026-07-06,XLI,121.38658333130661,Industrials
2026-07-06,XLK,128.8066189018377,Technology
2026-07-06,XLP,110.14037574201294,Consumer Staples
2026-07-06,XLRE,108.49432521179274,Real Estate
2026-07-06,XLU,105.24958515118925,Utilities
2026-07-06,XLV,114.56011545130941,Healthcare
2026-07-06,XLY,99.1792009841697,Consumer Discretionary
2026-07-07,XLB,116.37633006068093,Materials
2026-07-07,XLC,96.20053375273702,Communication Services
2026-07-07,XLE,126.33608856979095,Energy
2026-07-07,XLF,106.34126100510369,Financials
2026-07-07,XLI,119.30634202067229,Industrials
2026-07-07,XLK,125.72624835995987,Technology
2026-07-07,XLP,111.13570043949011,Consumer Staples
2026-07-07,XLRE,109.96410110567012,Real Estate
2026-07-07,XLU,106.17893934055958,Utilities
2026-07-07,XLV,116.31430145511337,Healthcare
2026-07-07,XLY,98.658128010948,Consumer Discretionary
2026-07-08,XLB,113.32628267872349,Materials
2026-07-08,XLC,94.84877403751126,Communication Services
2026-07-08,XLE,128.5557544988492,Energy
2026-07-08,XLF,104.29222376578728,Financials
2026-07-08,XLI,118.02418410885241,Industrials
2026-07-08,XLK,127.28397562878924,Technology
2026-07-08,XLP,110.5201749270785,Consumer Staples
2026-07-08,XLRE,108.15137467623997,Real Estate
2026-07-08,XLU,105.3889900652348,Utilities
2026-07-08,XLV,114.80060650941266,Healthcare
2026-07-08,XLY,96.90163135483215,Consumer Discretionary
2026-07-09,XLB,113.55220954903373,Materials
2026-07-09,XLC,95.75861842993706,Communication Services
2026-07-09,XLE,126.75228424954706,Energy
2026-07-09,XLF,105.37365948128128,Financials
2026-07-09,XLI,118.47555061399075,Industrials
2026-07-09,XLK,130.05560057626508,Technology
2026-07-09,XLP,108.9617038755146,Consumer Staples
2026-07-09,XLRE,108.34734102611509,Real Estate
2026-07-09,XLU,104.85461051352685,Utilities
2026-07-09,XLV,114.70864416760158,Healthcare
2026-07-09,XLY,98.20429772264244,Consumer Discretionary
2026-07-10,XLB,114.97556441673437,Materials
2026-07-10,XLC,96.73777532984131,Communication Services
2026-07-10,XLE,127.35344691437768,Energy
2026-07-10,XLF,105.69619090153004,Financials
2026-07-10,XLI,119.00542434486651,Industrials
2026-07-10,XLK,130.3573143646077,Technology
2026-07-10,XLP,110.16657537861742,Consumer Staples
2026-07-10,XLRE,108.8862673348143,Real Estate
2026-07-10,XLU,105.5051548748061,Utilities
2026-07-10,XLV,113.7678936799184,Healthcare
2026-07-10,XLY,98.53206082892547,Consumer Discretionary
2026-07-13,XLB,114.27519458204958,Materials
2026-07-13,XLC,96.6944500380854,Communication Services
2026-07-13,XLE,131.19162498025847,Energy
2026-07-13,XLF,106.3792033146355,Financials
2026-07-13,XLI,117.99146609241492,Industrials
2026-07-13,XLK,127.19977618275836,Technology
2026-07-13,XLP,110.78209083358695,Consumer Staples
2026-07-13,XLRE,109.49867631308103,Real Estate
2026-07-13,XLU,106.22541062130809,Utilities
2026-07-13,XLV,114.17107400812472,Healthcare
2026-07-13,XLY,97.52354907713527,Consumer Discretionary
2026-07-14,XLB,114.41073858276647,Materials
2026-07-14,XLC,96.57313656805852,Communication Services
2026-07-14,XLE,131.6771688614509,Energy
2026-07-14,XLF,106.58790780628881,Financials
2026-07-14,XLI,118.04380090671643,Industrials
2026-07-14,XLK,128.84169217840207,Technology
2026-07-14,XLP,109.24981941862755,Consumer Staples
2026-07-14,XLRE,108.95975000438183,Real Estate
2026-07-14,XLU,106.15569923608537,Utilities
2026-07-14,XLV,111.96418365815752,Healthcare
2026-07-14,XLY,97.40588723072723,Consumer Discretionary
2026-07-15,XLB,114.09444615924752,Materials
2026-07-15,XLC,98.24551140160901,Communication Services
2026-07-15,XLE,130.63669740725032,Energy
2026-07-15,XLF,107.30886252892611,Financials
2026-07-15,XLI,117.78868244878089,Industrials
2026-07-15,XLK,127.41028015744385,Technology
2026-07-15,XLP,109.31530342397568,Consumer Staples
2026-07-15,XLRE,109.15572577752826,Real Estate
2026-07-15,XLU,105.06371788459516,Utilities
2026-07-15,XLV,111.96418365815752,Healthcare
2026-07-15,XLY,98.33036490466499,Consumer Discretionary
2026-07-16,XLB,114.97556441673437,Materials
2026-07-16,XLC,97.61295683575204,Communication Services
2026-07-16,XLE,131.8390227369116,Energy
2026-07-16,XLF,107.66934352178279,Financials
2026-07-16,XLI,117.8475528595136,Industrials
2026-07-16,XLK,124.56147685077994,Technology
2026-07-16,XLP,112.3798462538945,Consumer Staples
2026-07-16,XLRE,111.36039432997997,Real Estate
2026-07-16,XLU,105.64455978885164,Utilities
2026-07-16,XLV,114.4469393647686,Healthcare
2026-07-16,XLY,98.61610775897302,Consumer Discretionary
2026-07-17,XLB,114.16222248870214,Materials
2026-07-17,XLC,95.8799252671881,Communication Services
2026-07-17,XLE,133.3650469448994,Energy
2026-07-17,XLF,106.73968430749221,Financials
2026-07-17,XLI,117.36347834650812,Industrials
2026-07-17,XLK,123.2072431890098,Technology
2026-07-17,XLP,111.56787878288054,Consumer Staples
2026-07-17,XLRE,111.2624017317711,Real Estate
2026-07-17,XLU,104.94753521862394,Utilities
2026-07-17,XLV,113.9447218350431,Healthcare
2026-07-17,XLY,97.01929320124019,Consumer Discretionary
2026-07-20,XLB,113.03257082076632,Materials
2026-07-20,XLC,96.00990777523167,Communication Services
2026-07-20,XLE,133.96620073713518,Energy
2026-07-20,XLF,106.32228985033778,Financials
2026-07-20,XLI,116.51960573839379,Industrials
2026-07-20,XLK,123.29144263504068,Technology
2026-07-20,XLP,111.13570043949011,Consumer Staples
2026-07-20,XLRE,110.79697693918203,Real Estate
2026-07-20,XLU,104.413155666916,Utilities
2026-07-20,XLV,112.64322934300772,Healthcare
2026-07-20,XLY,96.321733884504,Consumer Discretionary
2026-07-21,XLB,113.19072136162195,Materials
2026-07-21,XLC,95.34268369008382,Communication Services
2026-07-21,XLE,135.26100512303628,Energy
2026-07-21,XLF,106.45509519677525,Financials
2026-07-21,XLI,116.87285822850106,Industrials
2026-07-21,XLK,126.8489362249492,Technology
2026-07-21,XLP,110.08798652624601,Consumer Staples
2026-07-21,XLRE,110.72349426961449,Real Estate
2026-07-21,XLU,104.36669331436745,Utilities
2026-07-21,XLV,113.3505636322958,Healthcare
2026-07-21,XLY,96.54024690609107,Consumer Discretionary
2026-07-22,XLB,114.81741387587876,Materials
2026-07-22,XLC,94.62347854071503,Communication Services
2026-07-22,XLE,136.87951725985877,Energy
2026-07-22,XLF,106.34126100510369,Financials
2026-07-22,XLI,116.99714465496804,Industrials
2026-07-22,XLK,126.49108589951376,Technology
2026-07-22,XLP,110.50707008005523,Consumer Staples
2026-07-22,XLRE,110.25805063048281,Real Estate
2026-07-22,XLU,106.71331889226752,Utilities
2026-07-22,XLV,112.77054431457015,Healthcare
2026-07-22,XLY,95.82587691812586,Consumer Discretionary
2026-07-23,XLB,113.61999453668065,Materials
2026-07-23,XLC,91.31338512735327,Communication Services
2026-07-23,XLE,137.29570406702004,Energy
2026-07-23,XLF,105.92386654794927,Financials
2026-07-23,XLI,119.01851555486964,Industrials
2026-07-23,XLK,125.21403059693172,Technology
2026-07-23,XLP,108.97479866509583,Consumer Staples
2026-07-23,XLRE,110.11108529134776,Real Estate
2026-07-23,XLU,107.31740090099822,Utilities
2026-07-23,XLV,114.19229858724911,Healthcare
2026-07-23,XLY,91.4052166031854,Consumer Discretionary
2026-07-24,XLB,115.81150422671303,Materials
2026-07-24,XLC,92.11058508776887,Communication Services
2026-07-24,XLE,137.85062276743332,Energy
2026-07-24,XLF,106.83454734439786,Financials
2026-07-24,XLI,119.48950886644234,Industrials
2026-07-24,XLK,123.41072607685251,Technology
2026-07-24,XLP,110.17966011075657,Consumer Staples
2026-07-24,XLRE,112.56072120441469,Real Estate
2026-07-24,XLU,107.5497394483408,Utilities
2026-07-24,XLV,114.99158438395361,Healthcare
2026-07-24,XLY,91.95149915715304,Consumer Discretionary
2026-07-27,XLB,116.10521608467019,Materials
2026-07-27,XLC,93.2890502687468,Communication Services
2026-07-27,XLE,134.93730624470973,Energy
2026-07-27,XLF,107.91598305989183,Financials
2026-07-27,XLI,119.84275134797929,Industrials
2026-07-27,XLK,122.30208038554878,Technology
2026-07-27,XLP,111.79052037808741,Consumer Staples
2026-07-27,XLRE,112.09527756528301,Real Estate
2026-07-27,XLU,106.13246805981109,Utilities
2026-07-27,XLV,115.57866772699276,Healthcare
2026-07-27,XLY,93.15330792368674,Consumer Discretionary
2026-07-28,XLB,118.25154732719439,Materials
2026-07-28,XLC,95.03073760977576,Communication Services
2026-07-28,XLE,133.110705140604,Energy
2026-07-28,XLF,109.28200788610276,Financials
2026-07-28,XLI,119.37830364140814,Industrials
2026-07-28,XLK,120.04969428794388,Technology
2026-07-28,XLP,114.01689610038777,Consumer Staples
2026-07-28,XLRE,112.70768654354974,Real Estate
2026-07-28,XLU,105.76073352662291,Utilities
2026-07-28,XLV,118.3089893514152,Healthcare
2026-07-28,XLY,94.53161588593008,Consumer Discretionary
2026-07-29,XLB,116.89597744714067,Materials
2026-07-29,XLC,94.89209932926718,Communication Services
2026-07-29,XLE,135.60783485616636,Energy
2026-07-29,XLF,107.53653091226923,Financials
2026-07-29,XLI,115.56452790524526,Industrials
2026-07-29,XLK,116.87813537084202,Technology
2026-07-29,XLP,114.40979007503455,Consumer Staples
2026-07-29,XLRE,112.58521228651344,Real Estate
2026-07-29,XLU,104.34346213809317,Utilities
2026-07-29,XLV,117.58750534271087,Healthcare
2026-07-29,XLY,93.80044165283343,Consumer Discretionary
2026-07-30,XLB,116.6700419186381,Materials
2026-07-30,XLC,92.35321202782264,Communication Services
2026-07-30,XLE,136.3245985594455,Energy
2026-07-30,XLF,108.14365870631106,Financials
2026-07-30,XLI,116.69622697916226,Industrials
2026-07-30,XLK,123.30547408950974,Technology
2026-07-30,XLP,111.9345831783649,Consumer Staples
2026-07-30,XLRE,110.96845220695842,Real Estate
2026-07-30,XLU,103.76261130563675,Utilities
2026-07-30,XLV,115.66355520909568,Healthcare
2026-07-30,XLY,94.45597429149703,Consumer Discretionary
2026-07-31,XLB,113.93629561839191,Materials
2026-07-31,XLC,93.79162232656022,Communication Services
2026-07-31,XLE,137.68876889197261,Energy
2026-07-31,XLF,108.0298172515634,Financials
2026-07-31,XLI,117.64476921587956,Industrials
2026-07-31,XLK,123.03884429694803,Technology
2026-07-31,XLP,111.3845316138594,Consumer Staples
2026-07-31,XLRE,110.40503481616047,Real Estate
2026-07-31,XLU,103.04235555913476,Utilities
2026-07-31,XLV,114.97743466453734,Healthcare
2026-07-31,XLY,97.56556932911028,Consumer Discretionary
2026-08-03,XLB,115.24667839274511,Materials
2026-08-03,XLC,96.47781694653001,Communication Services
2026-08-03,XLE,135.93153373449292,Energy
2026-08-03,XLF,108.86461342894833,Financials
2026-08-03,XLI,119.81658894511371,Industrials
2026-08-03,XLK,124.9263375438416,Technology
2026-08-03,XLP,111.13570043949011,Consumer Staples
2026-08-03,XLRE,110.67450268214571,Real Estate
2026-08-03,XLU,103.065595663609,Utilities
2026-08-03,XLV,114.7581681855585,Healthcare
2026-08-03,XLY,99.34728199206968,Consumer Discretionary
2026-08-04,XLB,117.48338384667034,Materials
2026-08-04,XLC,97.08438429666442,Communication Services
2026-08-04,XLE,135.3072490874536,Energy
2026-08-04,XLF,109.81324379800486,Financials
2026-08-04,XLI,121.93607386004636,Industrials
2026-08-04,XLK,131.14319372625692,Technology
2026-08-04,XLP,111.80361516766861,Consumer Staples
2026-08-04,XLRE,110.64999275350438,Real Estate
2026-08-04,XLU,102.48475375935251,Utilities
2026-08-04,XLV,114.65914181843398,Healthcare
2026-08-04,XLY,99.41451825088822,Consumer Discretionary
2026-08-05,XLB,118.92933659631741,Materials
2026-08-05,XLC,96.07056451024512,Communication Services
2026-08-05,XLE,132.50955134836823,Energy
2026-08-05,XLF,110.04091218134798,Financials
2026-08-05,XLI,121.90337586074955,Industrials
2026-08-05,XLK,130.4485348974814,Technology
2026-08-05,XLP,111.75123600934376,Consumer Staples
2026-08-05,XLRE,110.72349426961449,Real Estate
2026-08-05,XLU,101.4392258322109,Utilities
2026-08-05,XLV,116.11624872086428,Healthcare
2026-08-05,XLY,99.70866644081076,Consumer Discretionary
2026-08-06,XLB,117.8674612578362,Materials
2026-08-06,XLC,96.33917866602143,Communication Services
2026-08-06,XLE,134.47487547313114,Energy
2026-08-06,XLF,109.68043845156738,Financials
2026-08-06,XLI,120.86324519686207,Industrials
2026-08-06,XLK,130.04156912179604,Technology
2026-08-06,XLP,111.46311040878875,Consumer Staples
2026-08-06,XLRE,109.76813475579499,Real Estate
2026-08-06,XLU,100.78867254273169,Utilities
2026-08-06,XLV,116.3213763148215,Healthcare
2026-08-06,XLY,99.25483615250518,Consumer Discretionary
2026-08-07,XLB,119.42638610083071,Materials
2026-08-07,XLC,96.39983540103488,Communication Services
2026-08-07,XLE,132.9488512651433,Energy
2026-08-07,XLF,109.28200788610276,Financials
2026-08-07,XLI,121.1380004698023,Industrials
2026-08-07,XLK,131.89398909212525,Technology
2026-08-07,XLP,111.47620519836995,Consumer Staples
2026-08-07,XLRE,110.18456796091529,Real Estate
2026-08-07,XLU,101.32305209443963,Utilities
2026-08-07,XLV,117.19138903981803,Healthcare
2026-08-07,XLY,100.73399528992752,Consumer Discretionary
2026-08-10,XLB,120.14935381746193,Materials
2026-08-10,XLC,96.9024140916241,Communication Services
2026-08-10,XLE,139.1454271533344,Energy
2026-08-10,XLF,109.68043845156738,Financials
2026-08-10,XLI,120.75858557682943,Industrials
2026-08-10,XLK,130.73622795057156,Technology
2026-08-10,XLP,111.2535636031631,Consumer Staples
2026-08-10,XLRE,108.7637836545067,Real Estate
2026-08-10,XLU,100.20783063847523,Utilities
2026-08-10,XLV,119.14364944666038,Healthcare
2026-08-10,XLY,100.57430676544692,Consumer Discretionary
2026-08-11,XLB,120.28491513456345,Materials
2026-08-11,XLC,96.41716021151657,Communication Services
2026-08-11,XLE,140.8795403286054,Energy
2026-08-11,XLF,109.66146003372536,Financials
2026-08-11,XLI,121.47816174990645,Industrials
2026-08-11,XLK,130.57482870691948,Technology
2026-08-11,XLP,110.91306890172532,Consumer Staples
2026-08-11,XLRE,107.97989940846358,Real Estate
2026-08-11,XLU,101.36952337518814,Utilities
2026-08-11,XLV,118.83948465118395,Healthcare
2026-08-11,XLY,100.21292231670584,Consumer Discretionary
2026-08-12,XLB,118.79378393740821,Materials
2026-08-12,XLC,95.55064774362252,Communication Services
2026-08-12,XLE,141.1107512780973,Energy
2026-08-12,XLF,109.88912841706848,Financials
2026-08-12,XLI,121.59592258851255,Industrials
2026-08-12,XLK,132.51847992933892,Technology
2026-08-12,XLP,111.4238260400451,Consumer Staples
2026-08-12,XLRE,108.98425050975187,Real Estate
2026-08-12,XLU,101.85743164614757,Utilities
2026-08-12,XLV,119.14364944666038,Healthcare
2026-08-12,XLY,99.07834338289311,Consumer Discretionary
2026-08-13,XLB,118.18377099773979,Materials
2026-08-13,XLC,97.52630625224022,Communication Services
2026-08-13,XLE,141.18012609731815,Energy
2026-08-13,XLF,110.53419852064212,Financials
2026-08-13,XLI,121.53703216063916,Industrials
2026-08-13,XLK,133.85868213664,Technology
2026-08-13,XLP,112.62868748570587,Consumer Staples
2026-08-13,XLRE,110.52751849646808,Real Estate
2026-08-13,XLU,102.32211766903269,Utilities
2026-08-13,XLV,119.10121112280623,Healthcare
2026-08-13,XLY,99.54898434242772,Consumer Discretionary
2026-08-14,XLB,118.70340972600717,Materials
2026-08-14,XLC,97.87290858628751,Communication Services
2026-08-14,XLE,143.14545022208105,Energy
2026-08-14,XLF,110.34447244683084,Financials
2026-08-14,XLI,122.00803548078218,Industrials
2026-08-14,XLK,133.32540111308344,Technology
2026-08-14,XLP,112.74655064937886,Consumer Staples
2026-08-14,XLRE,110.89496953739089,Real Estate
2026-08-14,XLU,102.94943085403767,Utilities
2026-08-14,XLV,118.38679113941537,Healthcare
2026-08-14,XLY,99.33887665645517,Consumer Discretionary
2026-08-17,XLB,118.02562045688414,Materials
2026-08-17,XLC,96.02723258571338,Communication Services
2026-08-17,XLE,144.6946052848724,Energy
2026-08-17,XLF,109.24406557657093,Financials
2026-08-17,XLI,121.8837490543152,Industrials
2026-08-17,XLK,133.54292617461175,Technology
2026-08-17,XLP,110.89996405470201,Consumer Staples
2026-08-17,XLRE,109.81712634326377,Real Estate
2026-08-17,XLU,102.64738984967232,Utilities
2026-08-17,XLV,118.1604498007284,Healthcare
2026-08-17,XLY,98.12025721869244,Consumer Discretionary
2026-08-18,XLB,116.98634300034936,Materials
2026-08-18,XLC,95.73261794866285,Communication Services
2026-08-18,XLE,147.23797009225723,Energy
2026-08-18,XLF,109.7373519158651,Financials
2026-08-18,XLI,120.08479861305234,Industrials
2026-08-18,XLK,130.24504129042217,Technology
2026-08-18,XLP,112.07863592120036,Consumer Staples
2026-08-18,XLRE,109.32720104530465,Real Estate
2026-08-18,XLU,102.27564638828419,Utilities
2026-08-18,XLV,120.05610049551103,Healthcare
2026-08-18,XLY,97.79248768631184,Consumer Discretionary
2026-08-19,XLB,118.65822262030667,Materials
2026-08-19,XLC,96.46049213604832,Communication Services
2026-08-19,XLE,147.00675914276536,Energy
2026-08-19,XLF,109.05433950275965,Financials
2026-08-19,XLI,119.02505115130086,Industrials
2026-08-19,XLK,128.8557343520877,Technology
2026-08-19,XLP,113.33588658262804,Consumer Staples
2026-08-19,XLRE,110.20906846628533,Real Estate
2026-08-19,XLU,102.27564638828419,Utilities
2026-08-19,XLV,124.26475360148821,Healthcare
2026-08-19,XLY,99.66664618883576,Consumer Discretionary
2026-08-20,XLB,118.43228709180411,Materials
2026-08-20,XLC,95.90591911568649,Communication Services
2026-08-20,XLE,147.3998150951231,Energy
2026-08-20,XLF,108.0487956694054,Financials
2026-08-20,XLI,117.59898000657962,Industrials
2026-08-20,XLK,128.4768314853404,Technology
2026-08-20,XLP,111.73813116232047,Consumer Staples
2026-08-20,XLRE,110.42953532153051,Real Estate
2026-08-20,XLU,101.69479555582777,Utilities
2026-08-20,XLV,121.93762313966671,Healthcare
2026-08-20,XLY,98.06142629548842,Consumer Discretionary
2026-08-21,XLB,120.96270440368649,Materials
2026-08-21,XLC,96.5298112763026,Communication Services
2026-08-21,XLE,147.14548216342257,Energy
2026-08-21,XLF,109.05433950275965,Financials
2026-08-21,XLI,117.91297888381823,Industrials
2026-08-21,XLK,128.62417783609033,Technology
2026-08-21,XLP,112.61558263868257,Consumer Staples
2026-08-21,XLRE,110.42953532153051,Real Estate
2026-08-21,XLU,99.37141008240194,Utilities
2026-08-21,XLV,123.514980988346,Healthcare
2026-08-21,XLY,99.18759989368664,Consumer Discretionary
2026-08-24,XLB,121.05307861508751,Materials
2026-08-24,XLC,97.32700460394236,Communication Services
2026-08-24,XLE,145.9200437241475,Energy
2026-08-24,XLF,110.45831390157849,Financials
2026-08-24,XLI,117.09526867856945,Industrials
2026-08-24,XLK,126.33671846192105,Technology
2026-08-24,XLP,114.52765323870754,Consumer Staples
2026-08-24,XLRE,111.04194429979724,Real Estate
2026-08-24,XLU,100.41693800954351,Utilities
2026-08-24,XLV,123.57156903161639,Healthcare
2026-08-24,XLY,99.42292358650273,Consumer Discretionary
2026-08-25,XLB,121.05307861508751,Materials
2026-08-25,XLC,98.07221023458537,Communication Services
2026-08-25,XLE,143.49227995521113,Energy
2026-08-25,XLF,110.62906155754779,Financials
2026-08-25,XLI,116.70277258416381,Industrials
2026-08-25,XLK,127.5225532316294,Technology
2026-08-25,XLP,113.30968694602352,Consumer Staples
2026-08-25,XLRE,111.11543639263606,Real Estate
2026-08-25,XLU,100.62603645241188,Utilities
2026-08-25,XLV,123.9888882448443,Healthcare
2026-08-25,XLY,99.12876897048261,Consumer Discretionary
2026-08-26,XLB,121.25640760345134,Materials
2026-08-26,XLC,97.57829394923698,Communication Services
2026-08-26,XLE,144.34777555174233,Energy
2026-08-26,XLF,110.53419852064212,Financials
2026-08-26,XLI,117.97184929455094,Industrials
2026-08-26,XLK,128.29439041959301,Technology
2026-08-26,XLP,112.98228703416694,Consumer Staples
2026-08-26,XLRE,110.45402640362924,Real Estate
2026-08-26,XLU,101.09071354709707,Utilities
2026-08-26,XLV,122.75104782139283,Healthcare
2026-08-26,XLY,98.46483099620448,Consumer Discretionary
2026-08-27,XLB,120.26231725261705,Materials
2026-08-27,XLC,96.53848031431929,Communication Services
2026-08-27,XLE,144.02407667341575,Energy
2026-08-27,XLF,109.81324379800486,Financials
2026-08-27,XLI,116.96443664710092,Industrials
2026-08-27,XLK,132.34305995043434,Technology
2026-08-27,XLP,111.4238260400451,Consumer Staples
2026-08-27,XLRE,109.40068371487217,Real Estate
2026-08-27,XLU,100.32399544804653,Utilities
2026-08-27,XLV,121.3646786816492,Healthcare
2026-08-27,XLY,97.3890765594982,Consumer Discretionary
2026-08-28,XLB,120.14935381746193,Materials
2026-08-28,XLC,97.90757147280257,Communication Services
2026-08-28,XLE,144.92581623436428,Energy
2026-08-28,XLF,110.23063825515926,Financials
2026-08-28,XLI,115.87852678248385,Industrials
2026-08-28,XLK,130.29416745988868,Technology
2026-08-28,XLP,111.9083835417604,Consumer Staples
2026-08-28,XLRE,108.95975000438183,Real Estate
2026-08-28,XLU,99.27846752090494,Utilities
2026-08-28,XLV,121.06759958027556,Healthcare
2026-08-28,XLY,98.50685124817949,Consumer Discretionary
2026-08-31,XLB,119.04230003147254,Materials
2026-08-31,XLC,96.58180560607519,Communication Services
2026-08-31,XLE,147.88536784891036,Energy
2026-08-31,XLF,109.49070511467997,Financials
2026-08-31,XLI,114.56366086279681,Industrials
2026-08-31,XLK,130.8625217600096,Technology
2026-08-31,XLP,111.29285802934884,Consumer Staples
2026-08-31,XLRE,108.0533915013024,Real Estate
2026-08-31,XLU,98.11677478419202,Utilities
2026-08-31,XLV,120.62904495352858,Healthcare
2026-08-31,XLY,97.98578470105537,Consumer Discretionary
2026-09-01,XLB,117.64153438752597,Materials
2026-09-01,XLC,96.07922028271012,Communication Services
2026-09-01,XLE,149.75820404483855,Energy
2026-09-01,XLF,108.52311085393364,Financials
2026-09-01,XLI,112.99366647660392,Industrials
2026-09-01,XLK,128.8557343520877,Technology
2026-09-01,XLP,111.64645757780991,Consumer Staples
2026-09-01,XLRE,107.88191623352601,Real Estate
2026-09-01,XLU,98.88349288324254,Utilities
2026-09-01,XLV,121.42834158462772,Healthcare
2026-09-01,XLY,96.30492321327499,Consumer Discretionary
2026-09-02,XLB,119.62971508919453,Materials
2026-09-02,XLC,97.41365518745418,Communication Services
2026-09-02,XLE,150.52122945772476,Energy
2026-09-02,XLF,109.39584207777433,Financials
2026-09-02,XLI,113.02637448447106,Industrials
2026-09-02,XLK,128.82767144314957,Technology
2026-09-02,XLP,112.01315191585219,Consumer Staples
2026-09-02,XLRE,107.12252306958163,Real Estate
2026-09-02,XLU,99.1390626068594,Utilities
2026-09-02,XLV,122.33372860816492,Healthcare
2026-09-02,XLY,96.53184157047654,Consumer Discretionary
2026-09-03,XLB,118.88414949061689,Materials
2026-09-03,XLC,98.24551140160901,Communication Services
2026-09-03,XLE,149.41139205689817,Energy
2026-09-03,XLF,111.10337674207604,Financials
2026-09-03,XLI,114.1907815662552,Industrials
2026-09-03,XLK,130.49063998010513,Technology
2026-09-03,XLP,111.65955236739111,Consumer Staples
2026-09-03,XLRE,108.39633261358388,Real Estate
2026-09-03,XLU,99.97548316293269,Utilities
2026-09-03,XLV,122.55299508714374,Healthcare
2026-09-03,XLY,97.87652819026184,Consumer Discretionary
2026-09-04,XLB,118.47747419750463,Materials
2026-09-04,XLC,97.07571525864775,Communication Services
2026-09-04,XLE,148.11657879840223,Energy
2026-09-04,XLF,110.23063825515926,Financials
2026-09-04,XLI,114.65523928139667,Industrials
2026-09-04,XLK,131.40983423803522,Technology
2026-09-04,XLP,110.76900610144781,Consumer Staples
2026-09-04,XLRE,107.61245779081206,Real Estate
2026-09-04,XLU,100.09165690070397,Utilities
2026-09-04,XLV,121.27272717423278,Healthcare
2026-09-04,XLY,96.5738682485491,Consumer Discretionary
2026-09-08,XLB,117.34782252956882,Materials
2026-09-08,XLC,96.63379330307195,Communication Services
2026-09-08,XLE,149.75820404483855,Energy
2026-09-08,XLF,108.71282966466886,Financials
2026-09-08,XLI,114.09920314765533,Industrials
2026-09-08,XLK,131.82381038134685,Technology
2026-09-08,XLP,110.03559731047908,Consumer Staples
2026-09-08,XLRE,107.53896569797323,Real Estate
2026-09-08,XLU,100.95130863305153,Utilities
2026-09-08,XLV,118.2170378439988,Healthcare
2026-09-08,XLY,95.80066733737989,Consumer Discretionary
2026-09-09,XLB,116.10521608467019,Materials
2026-09-09,XLC,96.03590162373006,Communication Services
2026-09-09,XLE,151.00677333891716,Energy
2026-09-09,XLF,108.25749289798262,Financials
2026-09-09,XLI,112.37874992355954,Industrials
2026-09-09,XLK,131.82381038134685,Technology
2026-09-09,XLP,108.76526191691225,Consumer Staples
2026-09-09,XLRE,106.33863882353852,Real Estate
2026-09-09,XLU,99.76637579186438,Utilities
2026-09-09,XLV,117.8279964008141,Healthcare
2026-09-09,XLY,94.51480521470106,Consumer Discretionary
2026-09-10,XLB,114.68185255877724,Materials
2026-09-10,XLC,96.61646185981442,Communication Services
2026-09-10,XLE,150.1281557601773,Energy
2026-09-10,XLF,107.89701190512592,Financials
2026-09-10,XLI,111.56758532331234,Industrials
2026-09-10,XLK,129.9643800433914,Technology
2026-09-10,XLP,108.8176410752371,Consumer Staples
2026-09-10,XLRE,105.45677140255782,Real Estate
2026-09-10,XLU,98.7905592499455,Utilities
2026-09-10,XLV,117.17725015479641,Healthcare
2026-09-10,XLY,94.09458984275597,Consumer Discretionary
2026-09-11,XLB,115.1111257338359,Materials
2026-09-11,XLC,97.56963154399612,Communication Services
2026-09-11,XLE,150.61371738655944,Energy
2026-09-11,XLF,108.61796662776322,Financials
2026-09-11,XLI,112.7581648165324,Industrials
2026-09-11,XLK,131.68348511743974,Technology
2026-09-11,XLP,109.1974402603027,Consumer Staples
2026-09-11,XLRE,106.36313932890855,Real Estate
2026-09-11,XLU,98.48851824558014,Utilities
2026-09-11,XLV,116.96504770113106,Healthcare
2026-09-11,XLY,94.93502058664616,Consumer Discretionary
2026-09-14,XLB,114.07185693549344,Materials
2026-09-14,XLC,99.7099221816208,Communication Services
2026-09-14,XLE,149.20329421702013,Energy
2026-09-14,XLF,108.2005721706088,Financials
2026-09-14,XLI,111.16199801890359,Industrials
2026-09-14,XLK,129.30480521039678,Technology
2026-09-14,XLP,110.55945929582217,Consumer Staples
2026-09-14,XLRE,105.62824667033422,Real Estate
2026-09-14,XLU,97.16418049034745,Utilities
2026-09-14,XLV,118.65558163635113,Healthcare
2026-09-14,XLY,94.84257474708166,Consumer Discretionary
2026-09-15,XLB,114.6140762293226,Materials
2026-09-15,XLC,98.80874682721168,Communication Services
2026-09-15,XLE,152.44031849066516,Energy
2026-09-15,XLF,107.85906233251801,Financials
2026-09-15,XLI,110.4555130558297,Industrials
2026-09-15,XLK,128.9259023436495,Technology
2026-09-15,XLP,109.65581824029765,Consumer Staples
2026-09-15,XLRE,105.50576299002661,Real Estate
2026-09-15,XLU,96.00248775363454,Utilities
2026-09-15,XLV,118.59192956776725,Healthcare
2026-09-15,XLY,93.18692284004723,Consumer Discretionary
2026-09-16,XLB,113.77814507753628,Materials
2026-09-16,XLC,97.91623387804341,Communication Services
2026-09-16,XLE,148.04722172437107,Energy
2026-09-16,XLF,106.11359262176056,Financials
2026-09-16,XLI,110.36393463722986,Industrials
2026-09-16,XLK,129.05920652071381,Technology
2026-09-16,XLP,109.13195625495456,Consumer Staples
2026-09-16,XLRE,104.86886292966113,Real Estate
2026-09-16,XLU,96.00248775363454,Utilities
2026-09-16,XLV,118.6697313557674,Healthcare
2026-09-16,XLY,92.59862646020215,Consumer Discretionary
2026-09-17,XLB,114.56888912362211,Materials
2026-09-17,XLC,97.35299845244074,Communication Services
2026-09-17,XLE,149.08770205116647,Energy
2026-09-17,XLF,106.01872958485492,Financials
2026-09-17,XLI,110.56017267586233,Industrials
2026-09-17,XLK,131.95713599684427,Technology
2026-09-17,XLP,109.34149300313811,Consumer Staples
2026-09-17,XLRE,105.18731295984387,Real Estate
2026-09-17,XLU,96.8621394859821,Utilities
2026-09-17,XLV,119.40535424949337,Healthcare
2026-09-17,XLY,93.61554354760683,Consumer Discretionary
2026-09-18,XLB,112.94220526755763,Materials
2026-09-18,XLC,96.01856354769669,Communication Services
2026-09-18,XLE,148.69461948102418,Energy
2026-09-18,XLF,105.980780012247,Financials
2026-09-18,XLI,111.04425719743816,Industrials
2026-09-18,XLK,133.03771877920985,Technology
2026-09-18,XLP,108.4378519476136,Consumer Staples
2026-09-18,XLRE,104.18296185855556,Real Estate
2026-09-18,XLU,95.49133937820086,Utilities
2026-09-18,XLV,119.10827514811973,Healthcare
2026-09-18,XLY,93.31299002206978,Consumer Discretionary
2026-09-21,XLB,112.82644523628423,Materials
2026-09-21,XLC,99.76034454352043,Communication Services
2026-09-21,XLE,145.27555617860887,Energy
2026-09-21,XLF,106.43202766709052,Financials
2026-09-21,XLI,111.49356193708672,Industrials
2026-09-21,XLK,136.8810724361778,Technology
2026-09-21,XLP,107.99095956646792,Consumer Staples
2026-09-21,XLRE,105.2081195428658,Real Estate
2026-09-21,XLU,95.16367443997419,Utilities
2026-09-21,XLV,120.00434459225569,Healthcare
2026-09-21,XLY,94.5292510820263,Consumer Discretionary
2026-09-22,XLB,114.68759294028314,Materials
2026-09-22,XLC,98.69971062525586,Communication Services
2026-09-22,XLE,143.69394516381473,Energy
2026-09-22,XLF,104.33765430677533,Financials
2026-09-22,XLI,111.6837848249456,Industrials
2026-09-22,XLK,137.8786134479003,Technology
2026-09-22,XLP,109.05874813409307,Consumer Staples
2026-09-22,XLRE,104.98579630317528,Real Estate
2026-09-22,XLU,94.85941031382087,Utilities
2026-09-22,XLV,120.62918580065907,Healthcare
2026-09-22,XLY,94.61347794280567,Consumer Discretionary
2026-09-23,XLB,114.12016964862026,Materials
2026-09-23,XLC,97.85641950556105,Communication Services
2026-09-23,XLE,145.06622504804508,Energy
2026-09-23,XLF,103.84262482921784,Financials
2026-09-23,XLI,111.57227934280125,Industrials
2026-09-23,XLK,137.22528791815665,Technology
2026-09-23,XLP,108.66326939683306,Consumer Staples
2026-09-23,XLRE,103.35542901986858,Real Estate
2026-09-23,XLU,93.03384341330084,Utilities
2026-09-23,XLV,119.85524165304693,Healthcare
2026-09-23,XLY,93.19844483298058,Consumer Discretionary
2026-09-24,XLB,112.75835721190623,Materials
2026-09-24,XLC,99.09962057869112,Communication Services
2026-09-24,XLE,145.60118041002033,Energy
2026-09-24,XLF,103.82358104369096,Financials
2026-09-24,XLI,110.73925602493415,Industrials
2026-09-24,XLK,136.78272362429576,Technology
2026-09-24,XLP,107.70094316680287,Consumer Staples
2026-09-24,XLRE,102.88608414642029,Real Estate
2026-09-24,XLU,92.12105996304082,Utilities
2026-09-24,XLV,120.61498190926953,Healthcare
2026-09-24,XLY,92.92049040892087,Consumer Discretionary
2026-09-25,XLB,113.03071796761057,Materials
2026-09-25,XLC,98.20416930982783,Communication Services
2026-09-25,XLE,144.29868348437446,Energy
2026-09-25,XLF,104.41381492273068,Financials
2026-09-25,XLI,111.78872468494771,Industrials
2026-09-25,XLK,137.8786134479003,Technology
2026-09-25,XLP,108.17551362853803,Consumer Staples
2026-09-25,XLRE,102.66376090672978,Real Estate
2026-09-25,XLU,92.47212571334086,Utilities
2026-09-25,XLV,121.20431880639642,Healthcare
2026-09-25,XLY,93.12263616001086,Consumer Discretionary
2026-09-28,XLB,112.28172372487555,Materials
2026-09-28,XLC,96.65668964525527,Communication Services
2026-09-28,XLE,144.43823165635374,Energy
2026-09-28,XLF,103.17623033422278,Financials
2026-09-28,XLI,110.70645793993397,Industrials
2026-09-28,XLK,136.65626902660938,Technology
2026-09-28,XLP,108.46553002820308,Consumer Staples
2026-09-28,XLRE,102.14500039860437,Real Estate
2026-09-28,XLU,91.86360638923416,Utilities
2026-09-28,XLV,121.60194109014594,Healthcare
2026-09-28,XLY,91.80867913877955,Consumer Discretionary
2026-09-29,XLB,111.44193101931599,Materials
2026-09-29,XLC,96.9088080875293,Communication Services
2026-09-29,XLE,143.13573473070787,Energy
2026-09-29,XLF,102.83351482549988,Financials
2026-09-29,XLI,110.93603452636494,Industrials
2026-09-29,XLK,136.6351950468644,Technology
2026-09-29,XLP,107.89868253543287,Consumer Staples
2026-09-29,XLRE,102.12030200453712,Real Estate
2026-09-29,XLU,92.94022230860752,Utilities
2026-09-29,XLV,121.22561922628337,Healthcare
2026-09-29,XLY,91.93502264299738,Consumer Discretionary
2026-09-30,XLB,110.53405894757076,Materials
2026-09-30,XLC,96.47412249038977,Communication Services
2026-09-30,XLE,143.0426967009918,Energy
2026-09-30,XLF,101.67209811602342,Financials
2026-09-30,XLI,109.52579693991966,Industrials
2026-09-30,XLK,137.51331326695995,Technology
2026-09-30,XLP,106.25087122591972,Consumer Staples
2026-09-30,XLRE,101.05809201749034,Real Estate
2026-09-30,XLU,92.30829324422751,Utilities
2026-09-30,XLV,119.58542188861918,Healthcare
2026-09-30,XLY,91.67391102065451,Consumer Discretionary
2026-10-01,XLB,110.17090838723418,Materials
2026-10-01,XLC,95.57867122152649,Communication Services
2026-10-01,XLE,145.8337754843106,Energy
2026-10-01,XLF,101.78633177688035,Financials
2026-10-01,XLI,110.61462930707565,Industrials
2026-10-01,XLK,138.96045037860273,Technology
2026-10-01,XLP,105.89494840833939,Consumer Staples
2026-10-01,XLRE,100.48993472123043,Real Estate
2026-10-01,XLU,92.8700109441875,Utilities
2026-10-01,XLV,118.00912581061587,Healthcare
2026-10-01,XLY,91.64864360503046,Consumer Discretionary
2026-10-02,XLB,111.14687714154977,Materials
2026-10-02,XLC,95.79601402009625,Communication Services
2026-10-02,XLE,146.03147464301114,Energy
2026-10-02,XLF,101.55785719209042,Financials
2026-10-02,XLI,111.4017333042284,Industrials
2026-10-02,XLK,140.569168960579,Technology
2026-10-02,XLP,105.75652783306577,Consumer Staples
2026-10-02,XLRE,100.69990405225167,Real Estate
2026-10-02,XLU,93.16257020020417,Utilities
2026-10-02,XLV,117.469497116155,Healthcare
2026-10-02,XLY,92.61726856923708,Consumer Discretionary
